"Number","Favorite"
"208","The Tonight Show Starring Jimmy Fallon"
"207","TheEllenShow"
"207","Jimmy Kimmel Live"
"206","Saturday Night Live"
"205","WWE"
"202","The Late Late Show with James Corden"
"194","Late Night with Seth Meyers"
"193","Breakfast Club Power 105.1 FM"
"189","The Late Show with Stephen Colbert"
"187","Netflix"
"178","SMTOWN"
"168","Warner Bros. Pictures"
"162","RedLetterMedia"
"162","Movieclips Trailers"
"157","BBC Radio 1"
"155","jypentertainment"
"152","PewDiePie"
"148","Marvel Entertainment"
"145","TMZSports"
"143","WORLDSTARHIPHOP"
"141","Star Wars"
"138","20th Century Fox"
"135","HBO"
"134","WIRED"
"132","Mnet K-POP"
"131","ESPN"
"125","CNN"
"121","Sony Pictures Entertainment"
"120","ibighit"
"120","Will Smith"
"119","HOT 97"
"117","Bhad Bhabie"
"116","Screen Junkies"
"114","Charlie Puth"
"114","EminemVEVO"
"113","JamesBayVEVO"
"111","The Voice"
"111","Vogue"
"110","1theK (원더케이)"
"108","ChainsmokersVEVO"
"108","MigosVEVO"
"107","SZAVEVO"
"103","Atlantic Records"
"101","Fleur DeForce"
"99","BBC News"
"99","Cobra Kai"
"99","Samantha Maria"
"98","The White House"
"97","Ty Dolla $ign"
"97","Jenny Nicholson"
"97","GEazyMusicVEVO"
"96","SiaVEVO"
"96","TroyeSivanVEVO"
"96","TODAY"
"94","Universal Pictures"
"94","Inthefrow"
"91","IGN"
"90","Marshmello"
"90","A24"
"89","Amelia Liana"
"89","American Idol"
"89","Janelle Monáe"
"89","KygoOfficialVEVO"
"88","CJENMMUSIC Official"
"88","Sprinkleofglitter"
"88","Diplo"
"87","HalseyVEVO"
"85","Ozuna"
"84","GraceVanderWaalVEVO"
"83","BBCRadio1VEVO"
"83","Wendy Williams"
"83","Lily Pebbles"
"83","ONE Media"
"82","SamSmithWorldVEVO"
"82","TWICE JAPAN OFFICIAL YouTube Channel"
"81","Tanya Burr"
"80","Cole Bennett"
"80","SuperDuperKyle"
"79","TMZ"
"79","TV Promos"
"78","PointlessBlogVlogs"
"78","AaronsAnimals"
"77","EnriqueIglesiasVEVO"
"77","The View"
"77","Nintendo"
"76","Watch What Happens Live with Andy Cohen"
"76","Ubisoft US"
"75","ChvrchesVEVO"
"75","Logan Paul Vlogs"
"74","Estée Lalonde"
"74","jbalvinVEVO"
"73","Disney•Pixar"
"73","Panic! At The Disco"
"72","Patricia Bright"
"72","CaseyNeistat"
"72","Carrie Hope Fletcher"
"71","Kelly Clarkson"
"70","Eurovision Song Contest"
"70","VH1"
"69","MalumaVEVO"
"69","Great Big Story"
"68","TaylorSwiftVEVO"
"68","DJSnakeVEVO"
"67","Rudy Mancuso"
"67","Fueled By Ramen"
"66","UFC - Ultimate Fighting Championship"
"65","RoyceDa59VEVO"
"65","David Guetta"
"64","Ed Sheeran"
"64","CalvinHarrisVEVO"
"64","ArcticMonkeysVEVO"
"63","TBS"
"63","Cardi B"
"63","carrieunderwoodVEVO"
"63","Adult Swim"
"63","h3h3Productions"
"63","justintimberlakeVEVO"
"63","Tyler Oakley"
"62","iggyazaleamusicVEVO"
"62","Disney Movie Trailers"
"62","YearsAndYearsVEVO"
"62","Shesez"
"62","MauLer"
"62","Zoella"
"62","DrakeVEVO"
"62","Lindsay Ellis"
"61","marshmello"
"61","CBS This Morning"
"61","bill wurtz"
"60","Mike Shinoda"
"59","Team Coco"
"59","starshipTV"
"59","Nile Wilson"
"59","FilmSelect Trailer"
"59","Hazel Hayes"
"59","MovieAccessTrailers"
"58","FlorenceMachineVEVO"
"58","KendrickLamarVEVO"
"58","iKON"
"58","videogamedunkey"
"58","Focus Features"
"58","Maroon5VEVO"
"57","KhalidVEVO"
"57","doddleoddle"
"57","Daniel J. Layton"
"57","PTXofficial"
"57","Camila Cabello"
"57","NickiMinajAtVEVO"
"56","Tyler, The Creator"
"56","NickyJamTV"
"56","SpaceX"
"55","GQ"
"55","Jeremy Jahns"
"55","Vox"
"55","FutureVEVO"
"55","LiamPayneVEVO"
"55","tlc uk"
"55","Lucas the Spider"
"55","Jason Derulo"
"54","NBA"
"54","KickThePj"
"53","Primitive Technology"
"53","AngryJoeShow"
"53","MMAFightingonSBN"
"53","Complex"
"53","88rising"
"53","Bad Lip Reading"
"52","MiguelVEVO"
"52","SEVENTEEN"
"52","TinasheOfficialVEVO"
"51","RemyMaVEVO"
"51","Taylor Swift"
"51","FC Barcelona"
"51","INSIDER"
"51","RichTheKidVEVO"
"51","KylieMinogueOnVEVO"
"51","Bazzi"
"50","PinkVEVO"
"50","PowerfulJRE"
"50","CollegeHumor"
"50","CliveNBAParody"
"50","CHANNEL90seconds newscom"
"50","BostonDynamics"
"50","FiftyShadesVEVO"
"50","ChrisJedayVEVO"
"49","ポケモン公式YouTubeチャンネル"
"49","Nerdist"
"49","The Graham Norton Show"
"49","SiriusXM"
"49","J. Cole"
"49","5SOSVEVO"
"49","SugarlandVEVO"
"48","Alesso"
"48","Cole and Marmalade"
"48","BBC Music"
"48","BBC"
"47","MoreZoella"
"47","Lip Sync Battle"
"47","Young Thug"
"47","Fox News"
"47","ワーナー ブラザース 公式チャンネル"
"47","FBE"
"47","Helen Anderson"
"47","Good Morning America"
"46","The Dodo"
"46","RaeSremmurdVEVO"
"46","The Hollywood Reporter"
"46","kermodeandmayo"
"46","Vanity Fair"
"46","Flo Rida"
"46","Butch Hartman"
"46","Entertainment Tonight"
"45","Paramount Pictures"
"45","Bon Appétit"
"45","Marzia"
"45","Full Frontal with Samantha Bee"
"45","dodieVEVO"
"44","PostMaloneVEVO"
"44","LadyGagaVEVO"
"44","IISuperwomanII"
"44","LOL Network"
"44","SamanthaMariaVlogs"
"44","WINNER"
"44","Inside Edition"
"44","Alex Becker's Channel"
"44","TRL"
"44","Post Malone"
"43","SebastianYatraVEVO"
"43","NFL"
"43","Giovannasworld"
"43","Sway's Universe"
"43","TheMeanKitty"
"43","Liverpool FC"
"43","MLG Highlights"
"42","Chris Stuckmann"
"42","Lil Durk"
"42","FallOutBoyVEVO"
"42","CAguileraVEVO"
"41","CNCOVEVO"
"41","FightHype.com"
"41","Beats 1 Radio"
"41","HowToBasic"
"40","jacksfilms"
"40","Lil Wayne"
"40","CalumScottVEVO"
"40","CinemaSins"
"40","Hamilton: An American Musical"
"40","LIVELOVEASAPVEVO"
"40","joyner lucas"
"39","Shawn Mendes"
"39","James Charles"
"39","Caspar"
"39","NBC News"
"39","Visionary Music Group"
"39","Eleven Seven Music"
"39","NikkieTutorials"
"38","Megan Ellaby"
"38","Real Time with Bill Maher"
"38","BreakingBenjaminVEVO"
"38","Anne-Marie"
"38","Nicki Minaj"
"38","Pina Records"
"38","doddlevloggle"
"38","Kylie Jenner"
"38","Verne Troyer"
"38","2CELLOS"
"38","ThirtySecondsToMarsVEVO"
"37","EXID_OFFICIAL"
"37","Marcus Butler"
"37","BastilleVEVO"
"37","JudasPriestVEVO"
"37","Linkin Park"
"37","Lucy Moon"
"37","Meek Mill"
"36","RickRossVEVO"
"36","ELLE"
"36","Kitchen Nightmares"
"36","HISTORY"
"36","KarolGVEVO"
"36","E! Entertainment"
"36","Mason Ramsey"
"36","Lifetime"
"36","Tasty"
"36","ChildishGambinoVEVO"
"36","JayRockVEVO"
"36","Lauv"
"36","Desimpedidos"
"36","JColeVEVO"
"36","Kanye West"
"36","BlocBoy JB"
"36","ABC News"
"36","Bad Bunny"
"36","ShawnMendesVEVO"
"36","Bleacher Report"
"36","Disney Descendants"
"36","AdelaineMorin"
"36","MeghanTrainorVEVO"
"36","Marvel Studios Movies"
"36","ZEDDVEVO"
"35","PlayOverwatch"
"35","NardwuarServiette"
"35","Mark Ferris"
"35","MONTREALITY"
"35","YandelVEVO"
"35","Rita Ora"
"35","MGMTVEVO"
"35","GeorgeEzraVEVO"
"35","APerfectCircleVEVO"
"35","Cosmopolitan.com"
"35","Ariana Grande`"
"35","Glamour Magazine"
"35","MTV International"
"35","The Daily Wire"
"35","Jacob Sartorius"
"35","CelineDionVEVO"
"35","영국남자 Korean Englishman"
"35","ArianaGrandeVevo"
"35","BeachHouseVideoZone"
"35","ralphthemoviemaker"
"34","Lil Skies"
"34","Zero Media"
"34","Rooster Teeth"
"34","MGKVEVO"
"34","TheReportOfTheWeek"
"34","MattHunterVEVO"
"34","Lionsgate Movies"
"34","Martin Garrix"
"34","BABYMETAL"
"34","RealVIXX"
"34","consumer"
"34","zefrank1"
"33","TheWeekndVEVO"
"33","NERDVEVO"
"33","Никита Ордынский"
"33","ManicStPreachersVEVO"
"33","CamilaCabelloVEVO"
"33","Movie Trailers Source"
"33","Hobbie Stuart"
"33","Nicole Arbour"
"33","ZaynVEVO"
"33","Genius"
"33","Best Unintentional ASMR"
"33","Mikey Murphy"
"33","Wolfe Video"
"33","Lele Pons"
"33","Flow La Movie"
"33","JenniferLopezVEVO"
"33","JadenSmithVEVO"
"33","Nike"
"33","AmazingPhil"
"33","Jake Paul"
"33","theoffcamerashow"
"33","TrippieReddVEVO"
"32","Rudimental"
"32","ANDREW HUANG"
"32","My Virgin Kitchen"
"32","Lisa Eldridge"
"32","NPCarlsson"
"32","Apple"
"32","Ten Second Songs"
"32","SelenaGomezVEVO"
"32","First We Feast"
"31","franzferdinandVEVO"
"31","SprinkleofChatter"
"31","iJustine"
"31","TORYmax"
"31","AnimalWised"
"31","BANGTANTV"
"31","Jandora Media"
"31","Cinemassacre"
"31","MTV News"
"31","LadBaby Official"
"31","Jhené Aiko"
"31","Life Noggin"
"31","woolliment"
"31","Shinedown"
"31","Grace Helbig"
"30","Justice"
"30","K-MUSIC"
"30","EC Henry"
"30","DJKhaledVEVO"
"30","Tide"
"30","TheNeighbourhoodVEVO"
"30","Teaser PRO"
"30","MTV"
"30","MAMAMOO"
"30","elrubiusOMG"
"30","TV Guide"
"30","MarilynMansonVEVO"
"30","2ChainzVEVO"
"30","Liam Gallagher"
"30","Proximity"
"30","Game&Anime"
"30","Gordon Ramsay"
"30","Wale"
"30","DavidBisbalVEVO"
"30","Update Music TV"
"30","Helpful Vancouver Vet"
"30","TroubleVEVO"
"29","Looper"
"29","ChloexHalleVEVO"
"29","Comedy Central"
"29","StingVEVO"
"29","YourMovieSucksDOTorg"
"29","Russell Brand"
"29","GunsNRosesVEVO"
"29","Porter Robinson"
"29","KaliUchisVEVO"
"29","Dancing With The Stars"
"29","The Grand Tour"
"29","johnlegendVEVO"
"29","shakiraVEVO"
"29","Ultra Music"
"29","Architectural Digest"
"29","lambofgodVEVO"
"29","GenoSamuel2"
"29","SELF"
"29","JheneAikoVEVO"
"28","Kristen Hancher"
"28","Good Morning Britain"
"28","ignoramusky"
"28","Legendary"
"28","Doritos®"
"28","Shoshana Bean"
"28","The Real Daytime"
"28","BackstreetBoysVEVO"
"28","Blonded"
"28","jeffreestar"
"28","Aunty Donna"
"28","DemiLovatoVEVO"
"28","SORTEDfood"
"28","Pabllo Vittar"
"28","RomeoSantosVEVO"
"28","Star Wars Theory"
"28","Joe Rogan Fan Page"
"28","ImagineDragonsVEVO"
"28","SEVENTEEN Japan official Youtube"
"28","A-Boogie Wit Da Hoodie"
"28","Clairo"
"28","JackWhiteVEVO"
"27","BANDMAID"
"27","YouTube Spotlight"
"27","BlackEyedPeasVEVO"
"27","Colleen Ballinger"
"27","The Weeknd"
"27","JAYPARKOFFICIAL"
"27","PlayStation"
"27","HouzzTV"
"27","Ash Hardell"
"27","JamesBlakeVEVO"
"27","Bleecker Street"
"27","Hardwell"
"27","Variety"
"27","Sofia Reyes"
"27","CupcakeJemma"
"27","John Campea"
"27","E;R"
"27","Simon's Cat"
"27","KatyPerryVEVO"
"27","Noclip"
"27","UNINTERRUPTED"
"26","ThatcherJoe"
"26","AviciiOfficialVEVO"
"26","Safiya Nygaard"
"26","moviebob"
"26","Morgan Adams"
"26","PENTAGON 펜타곤 (Official YouTube Channel)"
"26","The Rageaholic"
"26","The Four"
"26","amazon"
"26","LogicVEVO"
"26","WOWPresents"
"26","MBCentertainment"
"26","Lucas Lucco"
"26","shinnox"
"26","Dua Lipa"
"25","Nintendo Wire"
"25","Xbox"
"25","E! Live from the Red Carpet"
"25","LouisaJohnsonVEVO"
"25","How To Cook That"
"25","BuzzFeedVideo"
"25","Stone Music Entertainment"
"25","Glam&Gore"
"25","Nerdwriter1"
"25","John Maclean"
"25","BigBoyTV"
"25","Warner Music"
"25","Rob Ronnenberg"
"25","Quinton Reviews"
"25","Candide Thovex"
"24","Poppy"
"24","Jamie Genevieve"
"24","Trixie Mattel"
"24","Calpurnia"
"24","Top Dawg Entertainment"
"24","Björk"
"24","Soccer AM"
"24","OVO Sound"
"24","HYPEBEAST"
"24","Klossy"
"24","mmschocolate"
"24","The Liberty Hound"
"24","Cow Chop"
"24","LastWeekTonight"
"24","strangervideo"
"24","Desus & Mero"
"24","Comicbook.com"
"24","BLACKPINK"
"24","TravisScottVEVO"
"24","ScreenJunkies News"
"24","A Chick Called Albert"
"24","Hayley Kiyoko"
"24","Disney XD"
"23","TheOdd1sOut"
"23","Kris Wu"
"23","SACCONEJOLYs"
"23","SB-LII Commercials"
"23","Call of Duty"
"23","The Dishonoured Wolf"
"23","Newsflare"
"23","Bruno Mars"
"23","Lily Allen"
"23","Azayn"
"23","budleewiser"
"23","AsapSCIENCE"
"22","Best of Simpsons Characters"
"22","Anna Akana"
"22","PlayNSkillzVEVO"
"22","xxxtentacion"
"22","Polygon"
"22","Harry Main"
"22","Simon and Martina"
"22","Hannah Stocking"
"22","SabrinaCarpenterVEVO"
"22","Tom Scott"
"22","Luke Birch"
"22","Just Write"
"22","MelendiOficialVEVO"
"22","Lydia Elise Millen"
"22","Anderson Paak"
"22","The National"
"22","Gap"
"22","HopeAnimation"
"22","SeanPaulVEVO"
"22","LyricsMinajStudio"
"22","MabelVEVO"
"22","21SavageVEVO"
"22","Queen Naija"
"22","AzealiaBanksVEVO"
"22","DamonAndJo"
"21","Star Wars Memes"
"21","John Mayer"
"21","PeeWeeToms"
"21","Armin van Buuren"
"21","Sanadsk"
"21","Fortnite"
"21","Channel Awesome"
"21","Moses Bach"
"21","RWhiteGoose"
"21","Sophie Louise"
"21","H3 Podcast"
"21","Twitch Moments"
"21","YG ENTERTAINMENT"
"21","The Verge"
"21","Warner Música"
"21","FlumeAUS"
"21","Cracked"
"21","JorjaSmithVEVO"
"21","John Scurek"
"21","Universal Pictures Canada"
"21","SigridVEVO"
"21","Rapid Trailer"
"21","BBC Earth"
"21","Daddy Yankee"
"21","BeckyGVEVO"
"20","PaleWavesVEVO"
"20","EminemMusic"
"20","TopTens"
"20","LOVE TV by LOVE Magazine"
"20","samfryltd"
"20","Jaden Smith"
"20","Dj Earworm"
"20","HOLLAND"
"20","Monét X Change"
"20","littlemixVEVO"
"20","Pro Wrestling Sheet"
"20","KISS FM UK"
"20","Bobby Burns"
"20","Christine and the Queens"
"20","boogie2988"
"20","iHeartRadio"
"20","Sardonicast"
"20","johnmayerVEVO"
"20","CatPusic"
"20","Carrie Underwood"
"20","xQcOW"
"20","gattu"
"20","Orion Pictures"
"20","Sargon of Akkad"
"20","FleurDeVlog"
"20","Marques Brownlee"
"20","EMPIRE"
"20","Pixielocks"
"20","HelloOctoberxo"
"20","MrBeast"
"20","Highlight Heaven"
"20","Andrew Lowe"
"19","494ta"
"19","Official Jeremy Corbyn Channel"
"19","Fundamental Disappointment"
"19","FACEIT"
"19","Peter Parker Tube"
"19","CBBC"
"19","YOUNG FATHERS"
"19","NachoVEVO"
"19","WalrusRider"
"19","ITV"
"19","Daily Caller"
"19","Macklemore LLC"
"19","BROCKHAMPTON"
"19","TEDx Talks"
"19","Spotify"
"19","Philip DeFranco"
"19","The New York Times"
"19","Dina Tokio"
"19","LevelCapGaming"
"19","TheAngryGrandpaShow"
"19","M.C.rush"
"19","House M.D."
"19","ThuleanPerspective"
"19","SKEPTA"
"19","Beyond The Trailer"
"19","Stefan Molyneux"
"19","CHRIS-RS"
"19","unnilunium"
"19","Kingsley"
"19","PBS Space Time"
"18","Vsauce"
"18","engineerguy"
"18","hbomberguy"
"18","Electric Mountain Bike Network"
"18","Best F(r)iends"
"18","Blumhouse Productions"
"18","Monster Energy Supercross"
"18","Golden State Times"
"18","Famous Dex"
"18","Roy Moore for Senate"
"18","I Hate Everything"
"18","SYLO: Star Wars"
"18","Power 106 Los Angeles"
"18","WatchMojo.com"
"18","AllYourScreens"
"18","KathleenLights"
"18","FARRUKOVEVO"
"18","RobertFrank615"
"18","Numberphile"
"18","StarTalk"
"18","Speak For Yourself with Cowherd and Whitlock"
"18","The Amazing Lucas"
"18","NiallHoranVEVO"
"18","GameXplain"
"18","Australia"
"17","GrandsonVEVO"
"17","Screen Team"
"17","Real Madrid"
"17","Ubisoft North America"
"17","St Wilfrid's Catholic School"
"17","Pure Noise Records"
"17","Prime Video"
"17","Lord Buckethead"
"17","Kevin Smith"
"17","Mike Boyd"
"17","Traxxy"
"17","Ben Cathro"
"17","I20N3Y"
"17","Laura Lee"
"17","Asian Boss"
"17","JesseMcCartneyVEVO"
"17","Happyface entertainment"
"17","How To Cake It"
"17","Kim Thai"
"17","WorldClassBullshitters"
"17","Nipsey Hussle"
"17","Easy Allies"
"17","EllaMaiVEVO"
"17","NBA on TNT"
"17","The 2x Family"
"17","Ami Horowitz"
"17","ET Canada"
"17","BBC Radio 1Xtra"
"17","GwenStefaniVEVO"
"17","Tyrone Magnus"
"17","GINOBILEEEH"
"17","I Covet Thee"
"17","JustDestiny"
"17","HunchoJackVEVO"
"16","revoxy"
"16","William Singe"
"16","Imogenation"
"16","YGVEVO"
"16","FunForLouis"
"16","Desi Perkins"
"16","MyHarto"
"16","Noah Antwiler"
"16","JoshX713"
"16","Jim Chapman"
"16","ExplosmEntertainment"
"16","William Osman"
"16","Sunset Television"
"16","Great Interesting Funny - GIF"
"16","ColliderVideos"
"16","FXitinPost"
"16","DisneyMusicVEVO"
"16","War Starts at Midnight Podcast"
"16","Mark Sales"
"16","GhostBCVEVO"
"16","CatCreature"
"16","Today I Found Out"
"16","Jordan B Peterson"
"16","Singing Traveller047"
"16","AJR"
"16","officialcharlixcx"
"16","The Anna Edit"
"16","Us The Duo"
"16","Chelsea"
"16","Tom Fletcher"
"16","Cheat Codes"
"16","BUILD Series"
"16","Lex Croucher"
"16","Equal Vision Records"
"16","randytaylor69"
"16","LIL UZI VERT"
"15","Major League Soccer"
"15","Kodak Black"
"15","PlayFunGamesPictures"
"15","AxwellIngrossoVEVO"
"15","HaimVEVO"
"15","HarryStylesVEVO"
"15","Gaming Historian"
"15","Browntable"
"15","Manga production24"
"15","Shivaxi"
"15","vlogbrothers"
"15","Global News"
"15","U2VEVO"
"15","Cut"
"15","Business Insider"
"15","Gggmanlives"
"15","EA SPORTS FIFA"
"15","Outdoor Boys"
"15","Green Eagle"
"15","Evan Edinger"
"15","uhhuhhim"
"15","EnVogueVEVO"
"15","Unreal Engine"
"15","Coheed and Cambria"
"15","HERMusicVEVO"
"15","Clean Bandit"
"15","Live Audience Reactions"
"15","Mother's Basement"
"15","Mac DeMarco"
"15","SBS Entertainment"
"15","StudiocanalUK"
"15","Gamechamp3000"
"15","FROMSOFTWARE"
"15","QueensStoneAgeVEVO"
"15","5 Seconds of Summer"
"15","Campo Santo Productions"
"15","Bandai Namco Entertainment America"
"15","SadeVEVO"
"15","Emcee Rapology"
"15","Hybrid Network"
"15","Gorillaz"
"15","Doctor Who"
"15","Moby"
"15","loonatheworld"
"15","Top Gear"
"15","Jack Whitehall"
"15","My Funny Games Builder"
"15","RealLifeLore"
"15","Glizzy Gang"
"15","BellyVEVO"
"15","MustardVEVO"
"15","Walk off the Earth"
"15","FlatbushZombies TV"
"14","Dimitri Vegas & Like Mike"
"14","PGA TOUR"
"14","John Lewis"
"14","IMAX"
"14","Muselk"
"14","Daisy Marquez"
"14","Sabrina Claudio"
"14","Nasey Family"
"14","South Front"
"14","新日本プロレスリング株式会社"
"14","kesha"
"14","Salford City Football Club"
"14","The Film Theorists"
"14","Anna Saccone"
"14","Oli White"
"14","Asthmatic Kitty Records"
"14","Jack Maynard"
"14","Ram Trucks"
"14","House of Velour"
"14","DaveEastVEVO"
"14","RocketJump"
"14","Dash Star"
"14","A.B.Director"
"14","CCTV春晚"
"14","The Infographics Show"
"14","MK Dons"
"14","Suzy"
"14","HOLLYWOOD UNLOCKED"
"14","Sonic the Hedgehog"
"14","UFC ON FOX"
"14","My Brother's Keeper Alliance"
"14","PLAYERUNKNOWN'S BATTLEGROUNDS"
"14","Quicken Loans"
"14","VICE"
"14","Who Wants To Be A Millionaire?"
"14","LouisTomlinsonVEVO"
"14","Swish Daily"
"14","ABdirector"
"14","Snapchat"
"14","XCageGame"
"14","justkissmyfrog"
"14","Simon"
"14","The Young Turks"
"14","DAILY TVSHOWBIZ HOT NEWS"
"14","kehlani parrish"
"14","Fulham1879 FanTV"
"14","ArianaGrandeMexico"
"13","hotdiggedydemon"
"13","adidas Football"
"13","Jody's Corner"
"13","Banana Culture Music"
"13","Vlogs By DK4L"
"13","The Voidz"
"13","CBC News"
"13","ElbowVEVO"
"13","MeekMillTV"
"13","matt"
"13","Oscars"
"13","The X Factor UK"
"13","The Telegraph"
"13","shane"
"13","Bravo"
"13","DatPiff"
"13","Austin Evans"
"13","swedemason"
"13","Cat Lessons"
"13","iHasCupquake"
"13","Channel 4 News"
"13","Cat Man Chris"
"13","Shawn Johnson East"
"13","Film Gob"
"13","MSNBC"
"13","HvdH-Plane-Spotter"
"13","Will Darbyshire"
"13","Maddie Ziegler"
"13","La Roja"
"13","東宝MOVIEチャンネル"
"13","RapMusicHD"
"13","Jonathan Morrison"
"13","TrekGenius News ertainment"
"13","Smosh"
"13","Baby Ariel"
"13","jessiepaege"
"13","Listen to this also"
"13","GalacticFusion"
"13","Josh Groban"
"13","Julius Caesar"
"13","Nick Ramos"
"13","Madelaine Petsch"
"13","KARD"
"13","Munchies"
"13","50to01 TV"
"13","Kenny S"
"13","Pledis Artist"
"13","ArchD n' Bacon_"
"13","ReBoot: The Guardian Code"
"13","durbeyfield"
"13","Radovan Lazic"
"13","Panagiotis Rokanis"
"13","Hasan Al-Jarrah"
"13","Simply Not Logical"
"13","Vevo"
"13","Nikocado Avocado"
"13","BLACKPINKxXxBTS"
"13","HaileeSteinfeldVEVO"
"13","Simply Nailogical"
"13","Blue Origin"
"13","JacksonWangVEVO"
"13","IDR Labs"
"13","Wisecrack"
"13","The King of Random"
"13","Jessica Kellgren-Fozard"
"12","Australian Open TV"
"12","Jessica Clements"
"12","Guy Kesteven"
"12","jamesblakeproduction"
"12","Jessii Vee"
"12","Pitchfork"
"12","New Trailer Buzz"
"12","todrickhall"
"12","The School of Life"
"12","slaymeclarkson c:"
"12","Trap Nation"
"12","Trap City"
"12","Conor Maynard"
"12","Alex Gilbert"
"12","Miranda Sings"
"12","Real Madrid C.F."
"12","Unit Lost - Great British Gaming"
"12","Portugal. The Man"
"12","georgegargan"
"12","Kandee Johnson"
"12","On Air With Ryan Seacrest"
"12","Jackie Aina"
"12","Mashable Daily"
"12","theCHIVE"
"12","Elise"
"12","Red boy"
"12","Washington Post"
"12","lara6683"
"12","Matthias"
"12","Google Spotlight Stories"
"12","ran future"
"12","Wendover Productions"
"12","Kylie Minogue"
"12","Slayer"
"12","QualityControlVEVO"
"12","TeamMojang"
"12","BrasherN"
"12","booksandquills"
"12","5FDPVEVO"
"12","Michelle Visage"
"12","KBS World TV"
"12","EnduraOfficial"
"12","Ballislife"
"12","Now You Know"
"12","Ryan Burger"
"12","Red Bull"
"12","BBC Sport"
"12","Demi Lovato"
"12","Sailor J"
"12","TheArkive"
"12","TalkBeckyTalk"
"12","Emmerdale"
"12","DanielCaesarVEVO"
"12","Steve Topple"
"12","FATV"
"12","Hip Hop N More"
"12","Trailers Promos Teasers"
"12","EmiratesTeamNZ"
"12","Andrew M"
"12","SOPHIE"
"12","Joe Budden TV"
"12","FullTimeDEVILS"
"12","Ghost"
"12","AnselElgortVEVO"
"12","Paramount Network"
"12","You Suck At Cooking"
"12","SciShow"
"12","EltonJohnVEVO"
"12","Animation on FOX"
"12","random guy"
"12","alt-J"
"12","The Wombats"
"12","OfficialGucciMane"
"12","PopBuzz"
"12","It's Okay To Be Smart"
"12","MGM"
"12","Pokémon GO"
"12","Teton Gravity Research"
"12","secureteam10"
"12","Zendaya"
"12","Paweł Zadrożniak"
"12","특이한동물채널"
"12","Disney"
"12","MAJID JORDAN"
"12","The Tommy Edison Experience"
"12","mikehill.design"
"12","CrazyRussianHacker"
"12","austinmcconnell"
"12","Sam Pilgrim"
"12","Hari Kondabolu"
"12","Nintendo Labo UK"
"12","Chromeo"
"11","Mesa Sean"
"11","MOBO Awards"
"11","danisnotinteresting"
"11","Mass Appeal"
"11","Youtubia TV"
"11","Gigi Gorgeous"
"11","Doug DeMuro"
"11","RejjieSnowVEVO"
"11","RPDR LIVE"
"11","Zcure1"
"11","triple j"
"11","SIRAH"
"11","BattlefrontUpdates"
"11","Marc Leroy"
"11","MyLifeAsEva"
"11","DanAndPhilGAMES"
"11","Tessa Violet"
"11","Troye Sivan"
"11","Kway and LaLa"
"11","Chris Lee"
"11","PEG Management"
"11","Blu-Ray Clips"
"11","Promo Sound"
"11","Unbox Therapy"
"11","EnRemolinosWeb"
"11","Tomorrowland"
"11","DORITOS BLAZE vs. MTN DEW ICE"
"11","Ginger Minj"
"11","Thijs Hearthstone"
"11","HipHop Sounds"
"11","AnthonyPadilla"
"11","Car Throttle"
"11","Alan Walker"
"11","We The Unicorns"
"11","Empire"
"11","fullychargedshow"
"11","Latest News"
"11","ElAnalistaDeBits"
"11","Borussia Dortmund"
"11","Black Eyed Peas"
"11","Now You See It"
"11","Billboard"
"11","Flobots"
"11","infinitehome"
"11","Dinah Jane"
"11","Games for Change"
"11","Kitten Lady"
"11","NBC"
"11","Google"
"11","mikeholder01"
"11","TIME"
"11","Good Mythical Morning"
"11","Pretty Good Gaming"
"11","Mizzy Marp"
"11","BANDAI NAMCO Entertainment Europe"
"11","MONSTA X"
"11","Mizumi"
"11","5MadMovieMakers"
"11","VirusTornado"
"11","CC Productions97"
"11","Rogue Shadow VR"
"11","DoodleChaos"
"11","TLC"
"11","RollerCoaster Tycoon"
"11","Barcroft Animals"
"11","RachelPlattenVEVO"
"11","KFC UK and Ireland"
"11","Rosanna Pansino"
"11","Liza Koshy Too"
"11","empireofthesunvevo"
"11","Voca Productions"
"11","COPA90"
"11","Alpha Entertainment"
"11","Fahd W Rugby"
"11","Cole Bennett - Lyrical Lemonade"
"11","The Shadowscale"
"11","LIVEKellyandRyan"
"11","coach"
"11","R Λ Z Ξ R"
"11","Foo Fighters"
"11","NoelGallagherVEVO"
"11","JerryRigEverything"
"11","Guldies"
"11","WELLINGTON 51"
"11","UNIVERSAL MUSIC JAPAN"
"11","Silesian Sailor"
"11","Preston Jacobs"
"11","Lorraine"
"11","KTLA 5"
"11","yogottiVEVO"
"11","PS4Trophies"
"11","chayanneVEVO"
"11","Green Day"
"11","2ndJerma"
"10","YTN NEWS"
"10","Jack and Dean"
"10","Dying Light"
"10","Gabriella Lindley"
"10","TED-Ed"
"10","dumbledoor26"
"10","TheVoidzVEVO"
"10","IndieAnnieJones"
"10","sophdoesnails"
"10","roots66"
"10","hardknocktv"
"10","Napalm Records"
"10","nikefutebol"
"10","Jenn Im"
"10","Access Hollywood"
"10","Amazon Studios"
"10","Lil Tracy"
"10","dovecott"
"10","Revolt TV"
"10","Markiplier"
"10","iamAURORAVEVO"
"10","Sophia and Cinzia"
"10","Underground Sound"
"10","Jonas Neubauer"
"10","Pat the NES Punk"
"10","BT Sport"
"10","Olivia Jade"
"10","Daz Games"
"10","Just Between Us"
"10","Pomegranate Sunshine"
"10","Ricky Rebel"
"10","Fran Meneses"
"10","Queen Official"
"10","UnderneathTheNeonlights"
"10","clothesencounters"
"10","Jonathan Pie"
"10","Mr Av"
"10","Star Wars Explained"
"10","Titus Andronicus"
"10","Hopeless Records"
"10","Ghost Adventures TV"
"10","Garrett DeLozier"
"10","Chelsea Manning"
"10","HANSON"
"10","So Fia"
"10","Daniel Howell"
"10","NEW JAPAN PRO-WRESTLING"
"10","SPFL"
"10","Graham The Christian"
"10","DONG"
"10","여자친구 GFRIEND OFFICIAL"
"10","ITV News"
"10","Just Wow me"
"10","Jenny Mustard"
"10","paulitaale"
"10","pixiwoo"
"10","Noodlerella"
"10","Jiro Czech"
"10","Liza Koshy"
"10","Broadcasting America"
"10","STMPD RCRDS"
"10","ABC Television Network"
"10","Ellie and Jared"
"10","Lyndon Poskitt Racing"
"10","The Deal Guy"
"10","Good Charlotte"
"10","Levi Luttrell"
"10","ElleOfTheMills"
"10","Mark Brown"
"10","Wong Fu Productions"
"10","Novara Media"
"10","Rated-e Mods"
"10","RiskyCB"
"10","TheScriptVEVO"
"10","LemonyLink"
"10","emmymadeinjapan"
"10","Andnowthesethings"
"9","CS Dojo"
"9","Tyler Stalman"
"9","MsAaliyahJay"
"9","Lailah Lynn"
"9","Dav hum"
"9","Popcorn with Peter Travers"
"9","leftways"
"9","Matt G"
"9","GilCang"
"9","Lietuvos Futbolo Rinktinės Archyvas"
"9","Ninja Theory"
"9","The Scran Line"
"9","Mindless Entertainment"
"9","New York Daily News"
"9","GameGrumps"
"9","CineFix"
"9","Brothers Green Eats"
"9","SBN3"
"9","Truthspeak"
"9","The Angie Martinez Show"
"9","Gus Johnson"
"9","RAPSTAR"
"9","John Conforti"
"9","J-14 Magazine"
"9","The Orville"
"9","cntlu"
"9","Abroad in Japan"
"9","earMUSIC"
"9","way 1997"
"9","Steve TV Show"
"9","Kyle Meredith"
"9","The Céline Café"
"9","HipHollywood"
"9","BeckVEVO"
"9","NationalBook"
"9","euronews (en français)"
"9","DoctorOz"
"9","TheWishmaster"
"9","Lame Videos"
"9","TheCubician"
"9","Ad Council"
"9","ElectroBOOM"
"9","mvt.ias"
"9","Sam Harris"
"9","PonteFractus"
"9","Janemba8000"
"9","The Opposition w/ Jordan Klepper"
"9","P23BenBousquet"
"9","ANTI- Records"
"9","zeldaxlove64 Christina Grimmie"
"9","CapcomChannel"
"9","Nathan C"
"9","Aviad Balelli"
"9","BleachersVEVO"
"9","Ronan McGreevy"
"9","Sam Chui"
"9","BRÅVES"
"9","Jack's Movie Reviews"
"9","Wiggy"
"9","Panda Global"
"9","The New Yorker"
"9","jackfrags"
"9","Wassabi Productions"
"9","UK Bike Skills"
"9","Tyler Williams"
"9","Andre Black Nerd"
"9","makeupbymichaelfinch"
"9","Dash Cam Owners Australia"
"9","BikePark Wales"
"9","スクウェア・エニックス"
"9","Nicole Guerriero"
"9","COM3T"
"9","MNEKVEVO"
"9","PHP"
"9","Why Don't We"
"9","OK Go"
"9","Hector Bellerin"
"9","K-Pop Awards"
"9","British Vogue"
"9","WatchTheDaily"
"9","DigitalFoundry"
"9","Foolmarkt"
"9","Tu Fan"
"9","BaerTaffy"
"9","Swedish_Mate"
"9","Series Trailer MP"
"9","MovieMix"
"9","Dolce & Gabbana"
"9","VMU Dream"
"8","Trending Now"
"8","ChrisBrownVEVO"
"8","FreeDawkins"
"8","MowtenDoo"
"8","OnePlus"
"8","olddominionVEVO"
"8","Dave Naz"
"8","The rugby channel"
"8","Monstercat: Instinct"
"8","XstekkahX"
"8","Rich Music"
"8","Difficult Psycho"
"8","BBC Three"
"8","emmablackery"
"8","Red Carpet News TV"
"8","miad222"
"8","Xiedubbel"
"8","Global Mountain Bike Network"
"8","theneedledrop"
"8","veritasvisuals"
"8","Nahmir"
"8","Double Toasted"
"8","LtCorbis"
"8","Voxis Productions"
"8","Tia Mowry's Quick Fix"
"8","Joan Kim"
"8","JustinTimberlake"
"8","James Veitch"
"8","NotJustBlonde"
"8","odontoscar1986"
"8","Ferg"
"8","InStyle"
"8","BBC Earth Lab"
"8","Jacqueline Tsai"
"8","Lorde_Fix [@Lorde_fix on twitter]"
"8","Hin Nya"
"8","TiffyQuake"
"8","Fabio Wibmer"
"8","The Slow Mo Guys"
"8","Summoning Salt"
"8","The Delray Misfits"
"8","DrewTony'Z"
"8","altwork"
"8","GashiVEVO"
"8","Calvin Klein"
"8","LS"
"8","ConnorFranta"
"8","Overtime"
"8","President Trump"
"8","VICE News"
"8","Justin Chan"
"8","Extra Credits"
"8","Kim Petras"
"8","Tony Lowler"
"8","vodounefekt"
"8","I'M HIP-HOP"
"8","markthomasbuilder"
"8","World Trendz"
"8","Overwatch League VODs"
"8","Zumba"
"8","CameronBGC"
"8","Jamie and Nikki"
"8","Yeovil Town Football Club"
"8","I Like To Make Stuff"
"8","The Summit"
"8","The Movie Guy"
"8","Loose Women"
"7","Mason Lindroth"
"7","ContraPoints"
"7","Guardian News"
"7","Scott Manley"
"7","Fresh Out- Life After The Penitentiary"
"7","President Trump Live Stream"
"7","CryZENx"
"7","minusHEADrecords"
"7","PostmodernJukebox"
"7","smoothiethecat"
"7","Leroy Sanchez"
"7","Editors"
"7","Divorce Court"
"7","BigCityBeats"
"7","Radio Times"
"7","KaneBrownVEVO"
"7","KeithUrbanVEVO"
"7","brancepethbob"
"7","Patrick (H) Willems"
"7","A-Trak"
"7","MMAnytt.se"
"7","Major Lazer"
"7","Kill All Hippies!"
"7","KelelaVEVO"
"7","NoobHunter"
"7","buckomania"
"7","Beats 1 on Apple Music"
"7","gugudan"
"7","Saint"
"7","Grace F Victory"
"7","Stop Autonomous Weapons"
"7","Mouthy Buddha"
"7","Liam Robertson - Game History Guy"
"7","FNCEnt"
"7","Waymo"
"7","Dancing On Ice"
"7","Im Pops"
"7","michele corrado"
"7","Bob The Drag Queen"
"7","WeSpeakCycling"
"7","cestrian81"
"7","All Time Low"
"7","russabbotfan"
"7","Open Road Films"
"7","Bikepacking Scotland"
"7","Samsung Mobile USA"
"7","Beyond the Summit"
"7","Ryan Taylor"
"7","NFL Films"
"7","Kayley Melissa"
"7","NanoO ARCHIVOS"
"7","MLB"
"7","Albertina Luan"
"7","Ross Kempsell"
"7","Alissa Ashley"
"7","Little Mix Brazil"
"7","seven seasons"
"7","March For Our Lives"
"7","InterpolVEVO"
"7","That's Surrey TV"
"7","Big Brother UK"
"6","Orion Acaba"
"6","Vinicius Batista de Oliveira"
"6","Sebastiaan Kulwanowski"
"6","KamiVS"
"6","SlashFilm"
"6","ZeRo"
"6","the Observer"
"6","nathanfielder"
"6","Ar'mon And Trey"
"6","kunal gawade"
"6","West Midlands Police"
"6","HelloGreedo"
"6","official A.C.E"
"6","Grace Fit UK"
"6","Epicurious"
"6","LSK"
"6","FutureHype"
"6","Nicolle von Eberkopf"
"6","ThamesTv"
"6","InvadaOfficial"
"6","Mhd Officiel"
"6","Emily Hart"
"6","ReelzChannel"
"6","The 2Inch of Gnar"
"6","GUCCI"
"6","LIBERATO"
"6","Ian Daygold"
"6","Nickelodeon"
"6","Cloth Map"
"6","D"
"6","plumwax"
"6","Jen Campbell"
"6","catgil2"
"6","Kaguya Luna Official"
"5","Star Wars Expanded"
"5","JeremyZuckerVEVO"
"5","ESSENCE"
"5","Vevo dscvr"
"5","Brain Power Studio"
"5","Soju"
"5","BestInSlot"
"5","weezer"
"5","PWNSTARZdotCOM"
"5","Comedy - BBC Scotland"
"5","Lucio Fantini"
"5","Ethan Gracie"
"5","PBS NewsHour"
"5","Primavera Sound"
"5","College News Network"
"5","TheSamTsui"
"5","Domonic Smith"
"5","UCI"
"5","emilia fart"
"5","OperatorDrewski"
"5","JuanesVEVO"
"5","StupidMarioBros1Fan"
"5","Nabeel Asghar"
"5","Playboi Carti Leaks"
"5","Dallen Reber"
"5","Domino Recording Co."
"5","DarkSquidge"
"5","MrTreknation"
"5","Brett Domino"
"5","DC Rainmaker"
"4","米津玄師"
"4","PnB Rock"
"4","LissieVEVO"
"4","FOX 5 DC"
"4","Betway"
"4","Jon Bravo"
"4","Noisy Images"
"4","Natalies Outlet"
"4","soulbrothanumbuh3"
"4","Jess Glynne"
"4","JDFFFN"
"4","nicolopicus7"
"4","Peter Nicholls"
"4","Republic Records"
"4","JSaxofone"
"4","MTB MAG"
"4","grobbo64"
"4","Field Music"
"4","Amara La Negra"
"4","MMAWeekly.com"
"4","Pauls Bunion Kream"
"4","UFO Today"
"4","MrMattyPlays"
"4","Kroft talks about Movies"
"4","MMA FOCUS"
"4","Insane Championship Wrestling - ICW"
"4","14,999,999 views"
"4","ComedyShortsGamer"
"4","t.price89"
"4","Today News Feed"
"4","Georg Rockall-Schmidt"
"4","Old Spice"
"4","LeeroyPlambeck"
"4","poofables"
"4","Arden Rose"
"4","TraceyThornVEVO"
"4","Superhero News"
"3","ZHUVEVO"
"3","Vance Joy"
"3","Fah Q Bic"
"3","Man City"
"3","De La Ghetto"
"3","Lawrence Carpenter"
"3","BELOW THE BELT with Brendan Schaub"
"3","Sharon Needles"
"3","MeganBatoon"
"3","Kurzgesagt – In a Nutshell"
"3","CashmereCatVEVO"
"3","Binging with Babish"
"3","The Official Pokémon YouTube Channel"
"3","Donut Media"
"3","MILO"
"3","savage."
"3","Andrew W"
"3","NetNobody"
"3","Demon Inu"
"3","Oats Studios"
"3","ncsoft"
"3","Thomas Sanders"
"3","Brony Fan37"
"3","Capital FM"
"3","Yarotska"
"3","Stephen Howson FC"
"3","LSDVEVO"
"3","DonDiablo"
"3","ricflairomania"
"3","Rob Scallon"
"3","iFL TV"
"3","RAW"
"3","Refinery29"
"3","Benatos"
"3","Domeju"
"3","HoodCelebrityyVEVO"
"3","09W HYPE"
"3","ChrisStapletonVEVO"
"3","Jutarnji list"
"3","F&F Clothing"
"3","World of Warcraft"
"3","Blizzard Entertainment"
"3","Charlotte Tilbury"
"3","SuperCarlinBrothers"
"3","larsandersen23"
"3","antirecords"
"2","JackConteExtras"
"2","Geno Samuel 2"
"2","SUPERFRUIT"
"2","OneBitMusicVEVO"
"2","LukeBryanVEVO"
"2","ViralHog"
"2","NoodleVlogs"
"2","Universal Pictures Home Entertainment"
"2","LittleBigPR"
"2","HarryHudsonVEVO"
"2","REVOLT TV"
"2","The Cheat"
"2","OxfordUnion"
"2","Ali-A"
"2","PsychoSoprano"
"2","destinygame"
"2","GameSpot"
"2","America's Got Talent"
"2","SID M"
"2","Da Nabz"
"2","CBS News"
"2","gameslice"
"2","Talk Nerdy With Me"
"2","THIRTY SECONDS TO MARS"
"2","BTS Videos"
"2","Weebl's Stuff"
"2","DaLordz Prince"
"2","Avocado"
"2","SunLife"
"2","Hannah Witton"
"2","Scott Seaton"
"2","BETNetworks"
"2","colinfurze"
"2","Interscope Records"
"2","Fifty Shades"
"2","EinsteinEnt"
"2","Thekempy"
"2","ddriadon"
"1","Calisthenicmovement"
"1","Noveball"
"1","AT&T"
"1","zander"
"1","Nico"
"1","KFC"
"1","ETC Show"
"1","LuisFonsiVEVO"
"1","Cute Girl Videos"
"1","LukeIsNotSexy"
"1","Lane Anderson"
"1","westfesttv"
"1","TopicMusicTV"
"1","ASAP Ferg"
"1","Mr. Interesante"
"1","SsM m"
"1","Kylo Ren"
"1","M2"
"1","HipHopSupply"
"1","Chad Kroeger"
"1","Eurogamer"
"1","CG Record"
"1","Rosemoe Stewart"
"1","Kinda Funny Games"
"1","Kaze Emanuar"
"1","Johnny Marr"
"1","Yvolution"
"1","Endless Entertainment"
"1","MrRevillz"
"1","Voynich Manuscript Research"
"1","Семен Слепаков"
"1","OptimusPenguinOmega"
"1","PartyHatCookieCat"
"1","STX Entertainment"
"1","Dale Dai"
"1","The Most"
"1","Pops"
"1","A.P. Bio"
"1","KTVU"
"1","Pet of the Day"
"1","MadisonBeerMusicVEVO"
"1","Pop Blast"
"1","5-Minute Crafts"
"1","Little Mix"
"1","chris lee"
"1","Breathe Paradise"
"1","MILCK"
"1","JoanJetsetter"
"1","TimWestwoodTV"
"1","Videomusicawards"
"1","just stevo"
"1","HiHo Kids"
"1","The Chainsmokers"
"1","Matt Steffanina"
"1","ram klim"
"1","FPFutebolOficial"
"1","- camilla"
"1","WE2LITCREW"
"1","Travis Peterson"
"1","Anfisa Nava"
"1","Jasmine Rae"
"1","Simpsons Road Rage Gameplay"
