channel_title,number
ESPN,203
The Tonight Show Starring Jimmy Fallon,197
TheEllenShow,193
Netflix,193
Vox,193
The Late Show with Stephen Colbert,187
Jimmy Kimmel Live,186
Late Night with Seth Meyers,183
Screen Junkies,182
NBA,181
CNN,180
Saturday Night Live,175
WIRED,171
BuzzFeedVideo,169
INSIDER,167
The Late Late Show with James Corden,163
TED-Ed,162
Tom Scott,159
WWE,157
CollegeHumor,156
HellthyJunkFood,153
First We Feast,153
Bon Appétit,151
Tasty,151
Warner Bros. Pictures,150
FBE,149
The King of Random,148
Life Noggin,148
jacksfilms,148
Good Mythical Morning,147
Vanity Fair,145
Vogue,140
Safiya Nygaard,139
SciShow,135
20th Century Fox,135
Smosh,133
Dude Perfect,131
Marques Brownlee,130
Great Big Story,128
Marvel Entertainment,125
AsapSCIENCE,124
NFL,123
ABC News,123
The Slow Mo Guys,122
The Voice,121
James Charles,118
Kurzgesagt – In a Nutshell,115
Washington Post,115
CrazyRussianHacker,115
Simon's Cat,115
Binging with Babish,112
Complex,109
NikkieTutorials,109
E! Entertainment,108
You Suck At Cooking,107
Brave Wilderness,106
Universal Pictures,106
Star Wars,106
Team Coco,106
IISuperwomanII,105
Inside Edition,104
NBC News,104
REACT,103
Hannah Stocking,102
TODAY,102
Tati,102
The Film Theorists,102
The Graham Norton Show,102
CinemaSins,101
iJustine,99
Refinery29,96
The Verge,96
Rosanna Pansino,96
HBO,95
Watch What Happens Live with Andy Cohen,95
CaseyNeistat,95
Laura Lee,94
The View,94
BBC News,93
Bad Lip Reading,92
PTXofficial,90
itsAlexClark,90
nigahiga,89
Sony Pictures Entertainment,88
Domics,88
American Idol,87
Nintendo,87
BBC Radio 1,84
CBS This Morning,84
Charlie Puth,84
The Dodo,83
BuzzFeedBlue,82
CBS News,82
Entertainment Tonight,82
LaurDIY,81
How To Cake It,81
Matt Stonie,81
LOL Network,80
Unbox Therapy,80
ibighit,80
The New York Times,79
Michelle Khare,78
ExplosmEntertainment,78
Good Morning America,77
William Osman,77
FOX Soccer,77
Focus Features,77
As/Is,76
SpaceX,75
How Ridiculous,75
Grace Helbig,75
Will Smith,75
Rudy Mancuso,74
Studio C,74
TIME,74
NBC Sports,73
Guava Juice,72
SMTOWN,72
Amber Scholl,72
Lucas the Spider,72
Half as Interesting,71
What's Inside?,70
Simone Giertz,70
ThreadBanger,69
WOWPresents,69
KathleenLights,69
vlogbrothers,69
EverythingApplePro,68
colinfurze,68
Lele Pons,68
Matthias,68
Hydraulic Press Channel,68
Gus Johnson,68
Linus Tech Tips,68
Strictly Dumpling,67
AaronsAnimals,65
Mr. Kate,65
Austin Evans,65
ColliderVideos,65
Billboard,64
jypentertainment,64
Cut,64
Movieclips Trailers,63
Tyler Oakley,63
Markiplier,63
The School of Life,63
Full Frontal with Samantha Bee,63
Mike Boyd,63
How To Cook That,62
Paramount Pictures,62
Nerdwriter1,62
GQ,62
Jackie Aina,62
The Daily Show with Trevor Noah,61
National Geographic,61
Britain's Got Talent,61
Business Insider,60
emmymadeinjapan,60
Atlantic Records,60
Disney Movie Trailers,59
RM Videos,59
Jenny Nicholson,59
MeghanTrainorVEVO,59
Team Edge,59
Marzia,59
TMZ,59
Teen Vogue,58
The Infographics Show,58
ShawnMendesVEVO,58
Breakfast Club Power 105.1 FM,58
JunsKitchen,58
MatthewSantoro,58
SiaVEVO,58
CalumScottVEVO,58
AnthonyPadilla,57
BuzzFeed Celeb,57
TroyeSivanVEVO,57
JennaMarbles,57
Kelly Clarkson,56
Wendy Williams,56
FC Barcelona,56
Carli Bybel,56
TheReportOfTheWeek,56
IGN,56
Anwar Jibawi,56
FaZe Rug,56
John Campea,55
BostonDynamics,55
Wendover Productions,55
Papa Jake,55
PBS Eons,54
ChainsmokersVEVO,54
Diplo,54
Lionsgate Movies,54
Rooster Teeth,53
Guardian News,53
MLG Highlights,53
Simply Nailogical,53
Lip Sync Battle,52
Epicurious,52
CBS Los Angeles,51
Jaiden Animations,51
Casey Holmes,51
Glam&Gore,50
CAguileraVEVO,50
zefrank1,50
Kandee Johnson,50
Numberphile,49
Gabbie Hanna,49
TaylorSwiftVEVO,49
Red Bull,49
Glamour Magazine,48
Doug DeMuro,48
Alan Walker,48
MinuteEarth,48
Gibi ASMR,48
Cobra Kai,47
Anna Akana,47
Bleacher Report,47
MyHarto,47
ANDREW HUANG,47
The Game Theorists,47
Food Wishes,47
Ed Sheeran,47
ViralHog,47
Jaclyn Hill,46
Wong Fu Productions,46
BBCRadio1VEVO,46
USA TODAY,46
VH1,46
A24,46
ONE Media,46
Daily Dose Of Internet,46
ProZD,46
Amazon Studios,46
ImagineDragonsVEVO,45
Cole and Marmalade,45
Liza Koshy,45
David Guetta,45
JenniferLopezVEVO,44
SamSmithWorldVEVO,44
Lauv,44
Skip and Shannon: UNDISPUTED,44
ScreenJunkies News,44
The Hollywood Reporter,44
JerryRigEverything,43
The Food Ranger,43
ArianaGrandeVevo,43
MSNBC,43
Fox News,43
DamonAndJo,43
CalvinHarrisVEVO,43
Lucas and Marcus,43
grav3yardgirl,42
theneedledrop,42
Janelle Monáe,42
LIVEKellyandRyan,42
The Real Daytime,42
Zoella,42
carrieunderwoodVEVO,42
videogamedunkey,42
bill wurtz,41
Call of Duty,41
TBS,41
Clevver Style,41
SZAVEVO,41
Clash Royale,40
The Action Lab,40
KeithUrbanVEVO,40
Dancing With The Stars,40
SigridVEVO,40
BBC Earth,40
Allure,40
Christen Dominique,40
CNET,40
NickiMinajAtVEVO,40
Disney•Pixar,40
BANGTANTV,39
Associated Press,39
Jeremy Jahns,39
Fueled By Ramen,39
CBC News,39
Architectural Digest,39
Klossy,39
ZaynVEVO,39
Tech Insider,39
The CW Television Network,38
FlorenceMachineVEVO,38
jennxpenn,38
jeffreestar,38
BBC,38
Clevver News,37
The Official Pokémon YouTube Channel,37
jacksepticeye,37
Ladylike,37
Marshmello,37
merrelltwins,37
The Scran Line,37
Apple,37
BBC Three,37
Brad Mondo,36
Big Marvel,36
BuzzFeed Nifty,36
Hevesh5,36
ELLE,36
Variety,36
Primitive Technology,36
Hulu,36
Eater,35
Sailor J,35
Feast Of Fiction,35
JamesBayVEVO,35
Because Science,35
HalseyVEVO,35
Sylvia Gani,35
CNBC,35
DALLMYD,35
Davie504,35
Rita Ora,34
Panic! At The Disco,34
Desi Perkins,34
Good Mythical MORE,34
Liza Koshy Too,34
Simon and Martina,34
Madelaine Petsch,34
Maroon5VEVO,34
justintimberlakeVEVO,34
Jason Derulo,34
DanTDM,34
JelloApocalypse,34
Genius,33
1MILLION Dance Studio,33
Chris Stuckmann,33
truTV,33
CamilaCabelloVEVO,33
EminemVEVO,33
C-SPAN,33
Kitchen Nightmares,33
AlishaMarie,32
EnriqueIglesiasVEVO,32
Mark Rober,32
Thomas Sanders,32
VICE News,32
Impulse,32
SB Nation,32
ChrisStapletonVEVO,32
Condé Nast Traveler,32
ConnorFranta,32
Doctor Mike,32
ElleOfTheMills,32
MalumaVEVO,32
How to DAD,32
5SOSVEVO,32
FoxStarHindi,32
TheSorryGirls,32
Lindsey Stirling,31
TED,31
GoPro,31
Shawn Mendes,31
Ryland Adams,31
GEazyMusicVEVO,31
PBS NewsHour,31
Peter McKinnon,30
Cardi B,30
Brian Hull,30
Camila Cabello,30
SugarlandVEVO,30
Molly Burke,30
Fortnite,30
Kanye West - Topic,30
U2VEVO,29
MyLifeAsEva,29
Hope For Paws - Official Rescue Channel,29
Lisa Eldridge,29
Discovery UK,29
DisneyMusicVEVO,29
杰威爾音樂 JVR Music,29
KaceyMusgravesVEVO,29
NBC,28
johnmayerVEVO,28
FX Networks,28
Selena Gomez,28
Yes Theory,28
Matthias Wandel,28
Taylor Nicole Dean,28
DONG,28
CGP Grey,28
MiguelVEVO,28
ScreenPrism,27
The Royal Family Channel,27
Tina Yong,27
SuperCarlinBrothers,27
LadyGagaVEVO,27
TinasheOfficialVEVO,27
TheOdd2sOut,27
BackstreetBoysVEVO,27
SelenaGomezVEVO,27
Vat19,27
Mental Floss,26
FifthHarmonyVEVO,26
Rob Scallon,26
Laura in the Kitchen,26
Primitive Survival Tool,26
Daisy Marquez,26
Alissa Ashley,26
The Talk,26
Cracked,26
UFC ON FOX,26
RemyMaVEVO,26
NHL,26
RomanAtwoodVlogs,26
Al Jazeera English,26
Google,26
Bachelor Nation on ABC,26
Don Diablo,26
IFC Films,26
OmarGoshTV,25
euronews (in English),25
Sidemen,25
LiamPayneVEVO,25
FiftyShadesVEVO,25
ABC News (Australia),25
GraceVanderWaalVEVO,25
Miranda Sings,25
FallOutBoyVEVO,25
ChildishGambinoVEVO,25
Nerdist,25
DemiLovatoVEVO,25
Daddy Yankee,25
Joey Graceffa,25
miniminter,25
Mayim Bialik,25
Practical Engineering,25
ElectroBOOM,25
Walt Disney Animation Studios,25
NickJonasVEVO,25
Poppy,24
LastWeekTonight,24
AntsCanada,24
KendrickLamarVEVO,24
Logan Paul Vlogs,24
ABC Television Network,24
Dan And Shay,24
Morgan Adams,24
Dragonfoxgirl,24
Queen Naija,24
Harper's BAZAAR,24
Taylor Swift,23
Björk,23
Linkin Park,23
Kanye West,23
PlayOverwatch,23
Gallant,23
NBA on TNT,23
amc,23
Olivia Jade,23
CupcakeJemma,23
The Grand Tour,23
davematthewsbandVEVO,23
Gordon Ramsay,23
MBCentertainment,23
The New Yorker,23
Kaplamino,23
Chris Smoove,23
NCAA March Madness,23
CatCreature,23
MTV,23
GeorgeEzraVEVO,23
RealLifeLore,22
CelineDionVEVO,22
Kayley Melissa,22
ByronTalbott,22
Battle Universe,22
Nat Geo WILD,22
todrickhall,22
JOLLY,22
PatrickStarrr,22
Casually Explained,22
heyitsfeiii,22
PewDiePie,22
Physics Girl,22
5-Minute Crafts,22
Helpful Vancouver Vet,22
FORMULA 1,22
Bleecker Street,22
"Tyler, The Creator",22
E! Live from the Red Carpet,22
Bebe Rexha,22
Waterjet Channel,22
Vsauce2,22
Real Madrid C.F.,22
camelsandfriends,21
Comedy Central,21
It's Okay To Be Smart,21
SnoopDoggVEVO,21
John Mayer,21
Jeopardy!,21
FOX Sports,21
Nicol Concilio,21
Sara Dietschy,21
Butch Hartman,21
Nikita Dragun,21
TRL,21
The White House,21
NickyJamTV,20
KhalidVEVO,20
Munchies,20
The Sims,20
MigosVEVO,20
BeckyGVEVO,20
PressTube,20
MLB,20
BURGER KING,20
ChvrchesVEVO,20
TV Promos,20
Jake Paul,20
Hamilton: An American Musical,20
Jess Glynne,20
AzealiaBanksVEVO,20
My Virgin Kitchen,20
keshaVEVO,20
DidYouKnowGaming?,20
Tested,20
Denitslava Makeup,20
Jack and Dean,20
Philip DeFranco,20
Disney Parks,20
Tia Mowry's Quick Fix,20
Jonathan Morrison,20
Josh Groban,20
MustardVEVO,20
Tanya Burr,20
Today I Found Out,19
Lucas,19
5FDPVEVO,19
HollywoodLife,19
Tim Milgram,19
fosterthepeopleVEVO,19
Dobre Brothers,19
TheWeekndVEVO,19
Prince,19
Shoshana Bean,19
Kylie Cosmetics,19
JasonAldeanVEVO,19
Billie Eilish,19
Eh Bee Family,19
Rudimental,19
ABC Action News,19
Julien Solomita,19
Colleen Ballinger,19
Hunter Hayes,19
KKandbabyJ,19
Buttered Side Down,19
AdelaineMorin,19
Engineering Explained,19
Colleen Vlogs,19
CalebCity,19
Beme News,19
1theK (원더케이),19
NiallHoranVEVO,19
Ingrid Nilsen,19
UFC - Ultimate Fighting Championship,19
Peter Brown,18
YouTube Spotlight,18
SomeThingElseYT,18
H O N N E,18
KatyPerryVEVO,18
Karina Garcia,18
Wassabi Productions,18
MamaMiaMakeup,18
J. Cole,18
PinkVEVO,18
CBS Miami,18
H3 Podcast Highlights,18
Fleur DeForce,18
Carter Sharer,18
Portugal. The Man,18
Andre Black Nerd,18
Ariana Grande`,18
fantano,18
TechSmartt,18
Pixielocks,18
ChloexHalleVEVO,18
Nicki Minaj,18
FightHype.com,18
WatchMojo.com,18
Natalies Outlet,18
TWICE JAPAN OFFICIAL YouTube Channel,18
Cosmopolitan.com,18
Inanna Sarkis,18
iHasCupquake,18
Blossom,18
NJ.com,18
Channel Awesome,18
Mike Shinoda,18
AbrahamMateoVEVO,18
SPORTSNET,17
Townsends,17
Chloe x Halle,17
EllieGouldingVEVO,17
FoundFlix,17
Blue Origin,17
SabrinaCarpenterVEVO,17
DaveHax,17
I Like To Make Stuff,17
5MadMovieMakers,17
PolyMatter,17
Magnolia Pictures & Magnet Releasing,17
JuliaMichaelsVEVO,17
How To Make Everything,17
ToniBraxtonVEVO,17
Chubbyemu,17
McDonald's,17
Simply Not Logical,17
STX Entertainment,17
Bobby Bones,17
USA Gymnastics,17
Gigi Gorgeous,17
Jess Conte,17
BillieEilishVEVO,17
STARZ,17
Olympic,17
Australian Open TV,17
Boldly,17
Asian Boss,17
GingerPale,17
BrettYoungVEVO,17
SmarterEveryDay,17
Cammie Scott,16
Illumination,16
The Bella Twins,16
Jenn Im,16
BBC America,16
KylieMinogueOnVEVO,16
clothesencounters,16
Microsoft Surface,16
Kensuke Koike,16
Man About Cake,16
Laura Kampf,16
Joan Kim,16
Wall Street Journal,16
Living Big In A Tiny House,16
Sprinkleofglitter,16
T-Mobile,16
Science Magazine,16
FliteTest,16
HowToBasic,16
Carrie Underwood,16
ChrisYoungVEVO,16
MLive,16
Ranz Kyle,16
weezer,16
Special Books by Special Kids,16
SuperwomanVlogs,16
NASA Jet Propulsion Laboratory,16
standupmaths,16
Nikki Glamour,16
Beats 1 Radio,16
AlishaMarieVlogs,16
E! News,15
Deep Look,15
Hometalk,15
Unecht Erfunden,15
Erika Costell,15
Global Road Entertainment,15
Mason Ramsey,15
Matt Bentkowski,15
Tyler Stalman,15
AzzyLand,15
Jason Mraz,15
SUPERFRUIT,15
The Official Pokémon YouTube channel,15
FOX 17 WXMI,15
Strange Parts,15
jessiepaege,15
GreatScott!,15
KaneBrownVEVO,15
America's Got Talent,15
Sam O'Nella Academy,15
acaciacutie,15
mmschocolate,15
ThatcherJoe,15
Highlight Heaven,15
SiriusXM,15
LukeBryanVEVO,15
Berd,15
Google Developers,15
Access,15
Omaze,15
The Wendy Williams Show,15
Tyler Williams,15
iamAURORAVEVO,15
Gentle Whispering ASMR,15
MeganBatoon,15
Major Lazer,15
Bruno Mars,15
Charlie Corts,15
Nicole Guerriero,15
Bill Gates,15
RoadsideFlix,15
Comicbook.com,15
The Weeknd,15
NASA Goddard,15
Reaction Time,15
Bobby Duke Arts,14
DrakeVEVO,14
Topi The Corgi,14
Extra Credits,14
ignoramusky,14
SnowPatrolVEVO,14
Trailers Promos Teasers,14
BØRNSmusicVEVO,14
PrettyMuchVEVO,14
RachhLoves,14
FoxSearchlight,14
PostmodernJukebox,14
"Rock me, Joey Santiago.",14
Keke Palmer,14
Omeleto,14
Nickelodeon,14
CNNMoney,14
Sugar Pine 7,14
LaMadelynn,14
Gorillaz,14
Lenarr Young,14
Sonic the Hedgehog,14
Blake Shelton,14
Veritasium,14
TheMeanKitty,14
FOOD INSIDER,14
Mamrie Hart,14
DJKhaledVEVO,14
SHAYTARDS,14
SUMERIAN,14
Mr Sunday Movies,14
Access Hollywood,14
Disney On Broadway,14
HACKADAY,14
Talking Kitty Cat,14
Merrell Twins Live,14
Clean Bandit,14
Steve1989MREInfo,14
Sister Circle Live,14
3Blue1Brown,14
Ben Katz,14
TiffyQuake,14
Maggie Lindemann,14
AmazingPhil,14
samfryltd,13
Tanner Fox,13
Ellie and Jared,13
Kim Kardashian West,13
XAmbassadorsVEVO,13
G-Eazy,13
Kris Harbour,13
WE tv,13
CBS New York,13
Zach King,13
Vance Joy,13
Business Insider UK,13
BrainfooTV,13
Major League Soccer,13
oregon,13
Macklemore LLC,13
GPhase,13
Jessica Clements,13
Dua Lipa,13
JOE.ie,13
United Launch Alliance,13
Warped Perception,13
Ben Pluimer,13
LecraeVEVO,13
Никита Ордынский,13
League of Legends,13
CrossFit®,13
Samsung,13
Everyday Astronaut,13
Film Independent,13
The X Factor UK,13
Ten Second Songs,13
austinmcconnell,13
Third Leg Studios,13
TmarTn2,13
Doug Ellison,13
devinsupertramp,13
K-MUSIC,13
boogie2988,13
Troom Troom,13
Clicknetwork,13
Shay Mitchell,13
WHAT'S INSIDE? FAMILY,13
Looper,13
the Hacksmith,13
Bramty Juliette,12
Annapurna Channel,12
johnlegendVEVO,12
Seonkyoung Longest,12
Billy Graham Evangelistic Association,12
圧倒的不審者の極み!,12
googledoodles,12
Dani Ochoa,12
SHOWTIME Sports,12
LexusVehicles,12
CBS Sunday Morning,12
dodieVEVO,12
Dr. Sandra Lee (aka Dr. Pimple Popper),12
Lucy Moon,12
Calvin Klein,12
Dolan Twins,12
SadeVEVO,12
DuckSoss,12
officialcharlixcx,12
Gerry Litwin,12
Claire Marshall,12
VICELAND,12
Kitty Hawk,12
Leroy Sanchez,12
PBS Space Time,12
TechRax,12
PeopleTV,12
ZEDDVEVO,12
The king of DIY,12
JackWhiteVEVO,12
Cimorelli,12
News 5 Cleveland,12
Cat Man Chris,12
J.J. McCullough,12
Ultra Music,12
MariahCareyVEVO,12
My Self Reliance,12
SELF,12
Recanto Ecológico Rio da Prata,12
AnimalWised,12
TheTimTracker,12
LewisCapaldiVEVO,12
GameXplain,12
MaggieRogersVEVO,12
Roxette Arisa,12
notnotryan,12
marshmello,12
Freedom of the Press Foundation,12
GRB rally,12
Michael Dapaah,12
Christina Aguilera,12
Whistle Sports,12
Jon B.,12
Bethany Wilhelm,12
JohnNewmanVEVO,12
LukeCombsVEVO,12
Kid Rock,12
ShibSibs,11
The Rock,11
Maddie Ziegler,11
Mark Wiens,11
brutalmoose,11
Funny Or Die,11
CJENMMUSIC Official,11
Riverdale,11
radiodisney,11
TurboTax,11
Battle Universe!,11
Kyle Jennermann,11
OVO Sound,11
Kacey Musgraves - Topic,11
doddleoddle,11
Nile Wilson,11
Alex French Guy Cooking,11
AusAntarctic,11
KYLE HANAGAMI,11
HyundaiUSA,11
Just Between Us,11
TechCrunch,11
ThomasRhettVEVO,11
Iris,11
Theme Park Review,11
PsychoSoprano,11
Green Day,11
YBF Chic,11
Pepsi,11
DragTimes,11
Drew Lynch,11
Jack Coyne,11
The Atlantic,11
AlisonWonderlandVEVO,11
BUILD Series,11
BBC Sport,11
Jimmy Built,11
TMZSports,11
CatPusic,11
Saint Louis Chess Club,11
Famous Celebrities Snaps,11
thataylaa,11
Mean Girls on Broadway,11
TheScriptVEVO,11
FreeDawkins,11
Kristen Hancher,11
Johnny Jansen,11
Braille Skateboarding,10
Philly D,10
Wouldn't Change a Thing,10
Nike,10
ITV,10
Mercury News,10
VICE,10
LuisFonsiVEVO,10
amazon,10
WUSA9,10
Motion Station,10
Zebra Corner,10
HANSON,10
Official Charts,10
A&E,10
JayRockVEVO,10
Foot Locker,10
Moulin Rouge! the Musical,10
littlemixVEVO,10
BT Sport,10
HANSE 한세,10
Tom Daley,10
Eric Strebel,10
MYSTERY SCIENCE THEATER 3000,10
IncubusVEVO,10
Los Angeles Times,10
The Orchard Movies,10
CBS Evening News,10
The Deal Guy,10
blayze999,10
FOX,10
PitbullVEVO,10
Patricia Bright,10
WINNER,10
Disney Descendants,10
Nyma Tang,10
Techquickie,10
N W,10
Rapid Trailer,10
LOOK MUM NO COMPUTER,10
Niki and Gabi,10
LadBaby Official,10
wdwmagic,10
Waymo,10
ToriKellyVEVO,10
Shawn Johnson East,10
Arden Rose,10
Tiffany Day,10
mugumogu,10
IGN News,10
Tide,10
Global News,10
Liverpool FC,10
ScatterBrain News,10
bulletvalentineVEVO,10
Lorraine,10
Kylie Jenner,10
Violin MD,10
Dave Lee,10
CBS,10
EvanescenceVEVO,9
Gemma Stafford,9
ESPN UK,9
The Joint Forces Channel,9
People are Awesome,9
Jordan Wilson,9
Maymo,9
littlerobotgirl,9
NFL Network,9
BenTheBondsman,9
Michelob ULTRA,9
Spotify,9
R3HAB,9
XenonJohn,9
NewsFunnies,9
Shameless Maya,9
Kylie Minogue,9
Mark Sales,9
The Royal Family,9
Jeep,9
kehlani parrish,9
Horizon Productions SFL,9
Just Jared Jr,9
Quicken Loans,9
Monster Cable Products,9
cheeseandjamsandwich,9
Crusoe the Celebrity Dachshund,9
Lil Wayne,9
Luke Korns,9
Animal Adventure Park,9
Derek Hough,9
Steve TV Show,9
CaptainDisillusion,9
Lyft,9
The Oregonian,9
Keyboard Cat,9
NFVEVO,9
Barcroft Animals,9
The Key of Awesome,9
SB-LII Commercials,9
Inside the Magic,9
CamVEVO,9
Motherboard,9
stacyvlogs,9
HaileeSteinfeldVEVO,9
Tesla,9
New Orleans Saints on NOLA.com,9
Huxley Berg Studios,9
Blonded,9
Sriram Murali,9
The ACE Family,9
Allie Glines,9
BonJoviVEVO,9
Rapid Highlights,9
MNEKVEVO,9
The Pet Collective,9
Mike Austin,9
nickjonas,9
All is Art,9
Sabrina Claudio,9
NoahCyrusVEVO,9
INQUIRER.net,9
Missouri Star Quilt Company,9
Rebel Wilson,9
Momentum Pictures,9
shane,9
The Weather Channel,9
Ram Trucks,9
DrinkBODYARMOR,9
Muse,9
Pinball Wiz,9
This Might Get,9
Australia,9
Capital FM,9
JackJohnsonVEVO,9
Swish Daily,9
The Cuddle Squad,9
Step Up: High Water,9
Doctor Who,9
NASCAR,9
David Dobrik,9
LustreLux,9
Katzun,8
Royal Blood,8
KBAK - KBFX - Eyewitness News - BakersfieldNow,8
SeanPaulVEVO,8
Malik Nabee,8
Duston Ward,8
Chilly Willy,8
UrAvgConsumer,8
Cody'sLab,8
Tpindell,8
Healthcare Triage,8
NIXOLAS,8
LifeAccordingToJimmy,8
Movieclips Coming Soon,8
vnbreyes,8
matt,8
Eva Lunde Bentley,8
Mitchell Moon,8
Lindsay Webster,8
Scotty Kilmer,8
Diet Coke,8
TheInternetVEVO,8
CrashRacing,8
Reach Records,8
Ben Actis,8
Attaullah Malik,8
Tom Stanton,8
Applied Science,8
OWN,8
Doug Jones for Senate,8
Cards Against Humanity,8
ParsonJamesVEVO,8
Samantha Maria,8
WildTurkeyBourbon,8
Pick Up Limes,8
StingVEVO,8
Chris Reinacher,8
Turn10Studios,8
Edward Avila,8
Star Wars Coffee,8
Strange incident,8
Shade 45,8
Carla Resendiz,8
Revolt TV,8
Oscars,8
LavenderTowne,8
slaymeclarkson c:,8
LIL UZI VERT,8
This Is Us,8
Rclbeauty101,8
Senator Chris Murphy,8
Brent Pella,8
Snapchat,8
KBSKpop,8
Real Engineering,8
Kristin Johns,8
Dawid Szmandra,8
ALL URBAN CENTRAL,8
Roy Moore for Senate,8
YTN NEWS,8
iggyazaleamusicVEVO,8
Jesse,8
Vinheteiro,8
Hudson Moore,8
ColdFusion,8
SKITTLESbrand,8
Alex Meyers,8
theCHIVE,8
Trace Cyrus,8
Piece Of Me Tour Planet Hollywood,8
Youtube Tea,8
nothorwitzer,8
H&M,8
Just Wow me,8
Vevo,8
RetroManCave,8
Squirrel Monkey,8
Conan Gray,8
BETNetworks,8
WaterTower Music,8
Mary Giannone,8
Sufficiently Advanced,8
Fancy Vlogs By Gab,8
ThirtySecondsToMarsVEVO,8
The Valleyfolk,8
The Telegraph,8
TromaMovies,8
Tessa Violet,8
foofightersVEVO,8
TheAngryGrandpaShow,8
Paramount Network,8
Top Korean News,8
Fox Business,8
DIY Perks,8
Freddie Twenty,8
Dwarf Mamba,8
IFC,8
MOMOMOYOUTHVEVO,8
New York Daily News,8
Pitch Perfect,8
Collins Key,8
UEFA.tv,8
Adult Swim,8
Nickelback,7
Guy Tang,7
Victoria's Secret,7
jenniferhudsonVEVO,7
Max Fagin,7
shakiraVEVO,7
Toyota Global,7
CMT,7
Kraft Brand,7
Turkish Airlines,7
ChrisBrownVEVO,7
Andrew Lowe,7
The Ohana Adventure,7
shgurr,7
Animal Planet,7
TheOdd1sOut,7
PhakeNam,7
Will Darbyshire,7
Demi Lovato,7
NBA Highlights · YouTube,7
New England Patriots,7
Mnet K-POP,7
Groupon,7
HouzzTV,7
Alto's Adventure,7
Rob Bliss,7
Alex Gilbert,7
ABC7,7
ELLEUKTV,7
New Amsterdam,7
akidearest,7
mariahxlambily,7
Toyota USA,7
David Sistaro,7
Alec Steele,7
Bret Baier,7
CYNVEVO,7
RAP DAILY,7
Verizon,7
Grandpa Kitchen,7
Corinne Leigh,7
Legendary,7
Tony Baker Comedy,7
Freddie Lister,7
hudsonunionsociety,7
Wengie,7
PONY Syndrome,7
Tanner Braungardt,7
Mashed,7
A Chick Called Albert,7
Kia Motors America,7
Budweiser,7
Zendaya,7
Christopher Davis,7
StudiocanalUK,7
JP & Julia,7
Land Rover,7
Beyond The Trailer,7
Yoga With Adriene,7
mittromney,7
NOLA.com,7
The1975VEVO,7
Passenger,7
KFC,7
Alpha Entertainment,7
ASMR Darling,7
Beats by Dre,7
Graham The Christian,7
Function,7
Circus HalliGalli,7
WTHR,7
BrantleyGilbertVEVO,7
ThreeDaysGraceVEVO,7
Kitten Lady,7
Parks and Recreation,7
adidas Football,7
KygoOfficialVEVO,7
Samsung Mobile USA,7
hp_overload,7
lara6683,7
Martin Garrix,7
Millie T,7
ScottyMcCreeryVEVO,7
Kylie Moy,7
Campo Santo Productions,7
Pokémon GO,7
TheUnlockr,7
Good Morning Britain,7
Dancing On Ice,7
Marco Reps,7
Recording Academy / GRAMMYs,7
Jessica Vu,7
WXYZ-TV Detroit | Channel 7,7
Bud Light,7
Barstool Sports,7
AIA awards,7
Orion Pictures,7
Chicago Sun-Times,7
Open Road Films,7
LoeyLane,7
FrenchMontanaVEVO,7
Jake Roper,7
MrTreknation,7
hwow,7
alt-J,7
Brat,7
Dj Earworm,7
Netflix Asia,7
Bethel Music,7
Cody'sBLab,7
OK Go,7
Beats 1 on Apple Music,7
BerkleyLovesTori,7
FunForLouis,7
Alesso,7
Gcincorp Ecommerce and Real Estate,7
Sauber F1 Team,7
GamingWithJen,7
TheBackyardScientist,7
TNT,7
WFLA News Channel 8,7
MassLive,7
BeckVEVO,7
Paweł Zadrożniak,7
Chris Turner,7
MGMTVEVO,7
DJSnakeVEVO,7
Persil ProClean,7
BrasherN,7
MrBeast,7
Warner Bros. UK,7
Tom Harlock,7
John Maclean,7
Max Skipper,7
Mercedes-AMG Petronas Motorsport,7
AnselElgortVEVO,6
Mikey Murphy,6
Pittsburgh Dad,6
Awkward Puppets,6
Despierta América,6
reputationswift,6
3D Printing Nerd,6
NitroV2,6
Radio Andy,6
Whitney Avalon,6
JheneAikoVEVO,6
NFL World,6
RagnBoneManVEVO,6
BaconLegs,6
cicigoodies2011,6
Hazel Hayes,6
East Idaho News,6
Dorkly,6
FIFATV,6
Huw Parkinson,6
Evan Edinger,6
I.T. Channel,6
Lil Peep,6
NZPoliceRecruitment,6
Sports Illustrated,6
LD Entertainment,6
WhatCulture Wrestling,6
Marie McGann,6
영국남자 Korean Englishman,6
Jacob Collier,6
BleachersVEVO,6
JonTronShow,6
Pero Like,6
Asthmatic Kitty Records,6
JamesBlakeVEVO,6
CrashCourse,6
DreamCastle_629,6
Sport Hub,6
Philadelphia Eagles,6
Hayley Kiyoko,6
Candide Thovex,6
ChangeofplanZ,6
AviciiOfficialVEVO,6
Muselk,6
Honda,6
automotivemaster1972,6
To Scale:,6
Entertainment Weekly,6
Let Me Explain Studios,6
Keith Urban,6
Onur Altuğ Sever,6
PlayStation,6
Bob Przybylo,6
Recode,6
Ricky Dillon,6
4given4ever1,6
Quartz,6
It's a Southern Thing,6
barnabydixon,6
KIND Snacks,6
Adam Smith,6
BellaThorneVEVO,6
Jessica Kellgren-Fozard,6
The Square to Spare,6
KISS FM UK,6
ThePianoGuys,6
PLAYERUNKNOWN'S BATTLEGROUNDS,6
MTV International,6
Ryan Northover,6
Solid Gold Aquatics,6
TheCubician,6
heroedelahistoria,6
Christine Sydelko,6
X Games,6
Sound Bites,6
SodaStream,6
gamelovercommercials,6
KipMooreVEVO,6
Sam Chui,6
CHRIS-RS,6
Henry Prince Mak,6
gzumwalt,6
Matt and Kim,6
Michael Callaghan,6
VOsprey22,6
tonyvera1902,6
Makeupshayla,6
MoorInfo,6
MaccabeatsVideos,6
DaHoopSpot Productions,6
LissieVEVO,6
Vlogs By DK4L,6
Seth's Bike Hacks,6
World Eyes,6
Austin Burk,6
EltonJohnVEVO,6
CBS Chicago,6
ET Canada,6
Kotaku,6
Anew Start,6
Bruce Land,6
Dennis Kapatos,6
GohmertTX01,6
voordeel,6
Cleveland Cavaliers on cleveland.com,6
HarryStylesVEVO,6
The Tommy Edison Experience,6
Pomegranate Sunshine,6
MAZELEE,6
Summoning Salt,6
grandayy,6
Elvis Duran Show,6
Brian Klug,6
Newsflare,6
David Archuleta,6
BachelorsPadTv,6
DanAndPhilGAMES,6
Blurred Culture,6
Ryan Davidson,6
PeterSripol,6
Mashable Daily,6
Pac-12 Networks,6
Walking With Giants,6
KFlayVEVO,6
Smequle,6
JK Brickworks,6
Elton John,6
doddlevloggle,6
PB Comps,6
Smyang Piano,6
The 2x Family,6
The Thought Emporium,6
Wallows,6
cgriesemer,6
Aunty Donna,6
communitychannel,6
Moby,6
See You Yang,6
Josh Levine,6
ワーナー ブラザース 公式チャンネル,6
The Alex Jones Channel,6
Bloomberg Politics,6
TRYANGLE FILMS,6
Slooh,6
Scotty Sire,6
BishopBriggsVEVO,6
AvE,6
India Love,6
MoreZoella,6
The Warp Zone,6
Ryan Is Driving,6
RickyMartinVEVO,6
Máquina Voadora,6
Manny Mua,6
OlanRogers,6
EA SPORTS FIFA,6
LouisTomlinsonVEVO,6
Paris Hilton,6
souviendra,6
Technomanila,6
"One List , One Life",6
Newsy,6
Miss Universe,6
eLL cartoons,6
GwenStefaniVEVO,6
DreamWorksTV,6
DunkFest,6
HOT 97,6
Jason Yu,6
Mike Diva,6
thegameawards,6
Apple Support,5
DoodleChaos,5
danisnotinteresting,5
Symon,5
Kyle Gunderson,5
StarTalk,5
Adam's Apple,5
Be Amazed,5
Errant Signal,5
Chris Rosa,5
Beyonce,5
DonDiablo,5
KATC,5
NinaNesbittMusicVEVO,5
lisbug,5
BreakingBenjaminVEVO,5
TV One,5
HvdH-Plane-Spotter,5
MandisaVEVO,5
Street Speed 717,5
StoryCorps,5
TheHoonigans,5
TobyMacVEVO,5
Darren Criss,5
Marteen Estevez,5
Sam Sheffer,5
TheVampsVEVO,5
Tim Gray,5
RachelPlattenVEVO,5
melodysheep,5
Syracuse Orange,5
ombremor,5
officer401,5
Unique Vibes,5
iKON,5
MARIO TESTINO,5
Rella On the radio,5
Conor Maynard,5
Anthem Game,5
Now You See It,5
Fontgod,5
TraceyThornVEVO,5
Jessica Braun | JAMbeauty89,5
JamesAVEVO,5
CrowsEyeProductions,5
SIRAH,5
NBA on ESPN,5
Lifetime,5
West Midlands Police,5
British Vogue,5
End of Ze World,5
Cultaholic,5
Ryan Williams,5
rock on,5
Cam'ron,5
NowThis World,5
The Ringer,5
engineerguy,5
Nick Ramos,5
IAmAnneMarie,5
HQVideoDude,5
Royal Academy of Arts,5
CFL Insider,5
Vet Ranch,5
WGA West,5
ODE,5
"European Space Agency, ESA",5
Forgotten Weapons,5
Loudwire,5
Zach Simmons,5
Kelly Eden,5
Wix.com,5
Patrick Nan,5
BAFTA,5
Jalopnik,5
Andre Will Do It,5
Lofty Pursuits,5
Business InsiderAu,5
Feelunique,5
Troye Sivan,5
Pitchfork,5
John Sellars,5
Cody'sLab Backup,5
Peloton,5
BeOurGuest,5
Abroad in Japan,5
Carly and Erin,5
Bravo,5
Summit,5
Tina Nguyen,5
Amazon.co.uk,5
Aymeric Favard,5
Galantis,5
KTVU,5
Prime Video,5
Gustawny,5
Battlefield,5
Beth Kobliner,5
The Unipiper,5
legofreedom1,5
42Fab - Metalworking and Multi-Medium Fabrication,5
Guldies,5
The Angie Martinez Show,5
Sparkee Music,5
sWooZie,5
NBA Stats All Seasons,5
BRIGHT SIDE,5
Kevin Noonan,5
Braxen McConnell,5
Sports Lovers n1,5
JayZVEVO,5
Hush Kit,5
ilikeweylie,5
The Sports King,5
Anthem Lights,5
Corridor,5
Emirates,5
TheKillersVEVO,5
Voicebot,5
MisterWivesVEVO,5
Song Of Style,5
Adult Swim UK,5
PHP,5
Caspar,5
JoergSprave,5
Rachelleea,5
Rainer Hilland,5
leonalewis,5
Amber Liu,5
Ben Rohrbach,5
Highsnobiety,5
emma chamberlain,5
This Morning,5
Erin Noelle,5
Kingsley,5
UJ,5
Oceana,5
Bethany Mota,5
Big Ten Network,5
BLACKPINK,5
Sprint,5
D3sports.com,5
Tryst Network,5
DopeBoyTroy,5
The 1975,5
greyson97,5
David Windestal,5
Anna Saccone,5
Scott Manley,5
FILMWEBTV,5
Peaceful Cuisine,5
MN khan,5
Shesez,5
Terrormink,5
Big Cat Rescue,5
Philadelphia 76ers,5
ToveLoVEVO,5
Nathan C,5
Movie Munchies,5
Andrew Rowland,5
Renault Sport,5
Ryan Canty,5
LaToya Forever,5
730 WVFN,5
PointlessBlogVlogs,5
Alabama Crimson Tide on AL.com,5
Howl Of A Dog,5
BBALLBREAKDOWN,5
Lauren Elizabeth,5
RawBeautyKristi,5
PESfilm,5
MGM,5
Car Throttle,5
Adam Neely,5
Chris Hadfield's Rare Earth,5
Esther Bellido,5
JohnnyQ90,5
AT&T,5
EA SPORTS,5
WhatsUpMoms,5
COVERGIRL,5
Jessii Vee,5
Popcorn with Peter Travers,5
TimandFaithVEVO,5
Chris Lee,5
Twin Shadow,5
The Sydney Morning Herald,5
HaimVEVO,5
David Jardine,4
Car Commercials of the Past,4
Rainsford,4
F Milburn,4
Milkmen Design,4
Prince Marcus,4
thevirts,4
RZSS Highland Wildlife Park,4
Kanimuna Kisaka,4
Daniel Howell,4
Oscar Fury,4
BehindTheSounds,4
RocketJump Film School,4
Donut Media,4
First Aid Kit,4
Mike H,4
StanDrawsSpaceships,4
TheBeatlesVEVO,4
Popular Woodworking,4
Nobrand,4
Noah Nicholls,4
TopClips247,4
MrMobile [Michael Fisher],4
Speks,4
Real World Records,4
Outback Steakhouse,4
Sherylcrow,4
Chevrolet,4
Livia Giustiniani,4
Navenanthen Gepardieu,4
BRITs,4
jbalvinVEVO,4
Matt Steffanina,4
Technology Connections,4
The CGBros,4
JuJu Smith-Schuster,4
Billboard News,4
WeatherTech,4
Topic,4
ARIKITCHEN (아리키친),4
CBS Films,4
Carlos Campos,4
Max Hertan,4
dope2111,4
Vic Dibitetto,4
Daily Davidsons,4
Marcos Horacio,4
Golden State Warriors,4
Spectrum Haleskarth,4
MassMutual,4
DJI,4
Kevin Durant,4
Caravan Carolyn,4
Trevor Wallace,4
Billions,4
startelegramvideo,4
Rise,4
Clark Zhu,4
Desus & Mero,4
It's a small world,4
Karim Jovian,4
FrownsUpsideDown,4
Squarespace,4
Vote The Process,4
Michael Rigsby,4
MasterClass,4
NWSSanDiego,4
Viva La Dirt League,4
Avocados From Mexico,4
The University of Chicago,4
AFP news agency,4
blackbearVEVO,4
Star Wars HQ,4
Hannah Meloche,4
Coca-Cola,4
J Gasser,4
Mr Ben Brown,4
Emma Massingale,4
The Bachelor Insider,4
"Cyprus Air Heating, Cooling and Fireplaces",4
FaeryInLoveInc,4
Intuit,4
Shmee150,4
jeremiah johnson,4
SR Trailers and Interviews,4
60 Minutes,4
Shantell Martin,4
Funny New Videos,4
Abhishek Singh,4
Mark Ferris,4
Halfway Anywhere,4
Redline Reviews,4
Wintergatan,4
Xscape - Topic,4
colourpopcosmetics,4
NOVA's Secret Life of Scientists and Engineers,4
The Lore Master,4
Specialized Bicycles,4
The Cincinnati Zoo & Botanical Garden,4
AmandaMoor & Craft Ideas,4
Exploring Alternatives,4
Goodwillsandusky,4
MOBO Awards,4
CrazyLaughAction,4
Ján Ilavský,4
U.S. Navy,4
Roadshow,4
Midnight Video,4
CS Dojo,4
Choir! Choir! Choir!,4
Define American,4
The Modern Rogue,4
joyner lucas,4
POPSUGAR,4
John Lewis,4
Frank May,4
Nathan Robinson,4
Sailing La Vagabonde,4
Plasma Channel,4
Hillsong Worship,4
Useless Duck Company,4
HARRY,4
XFL,4
The Current Source,4
JAY,4
Torm place,4
52 Skillz,4
Inthefrow,4
Interscope Records,4
Radio Physics and Electronics,4
Techmoan,4
Kortney Steury,4
Dustin Penner,4
Sesame Street,4
Southwest Florida Eagle Cam,4
Movie'n'co UK,4
FloSports,4
Maddie Lymburner,4
VideoGameAds,4
University of Rochester EEOC Complainants,4
National Safety Council,3
Any rubbish,3
Studio MDHR,3
fuzywazacolin,3
Tamika Hall,3
Pies Are Awesome,3
marjolijn2,3
littleBits Electronics,3
The Office US,3
AutoGuide.com,3
Duan Mackenzie,3
India Survival Guide,3
Ivan Miranda,3
FerrasVEVO,3
mvt.ias,3
LGR,3
"But First, Coffee",3
ROME REPORTS in English,3
The Scam On Demand,3
VidCon,3
WQAD News 8,3
geicocaveman2012,3
Michael Bublé,3
tovestyrkeVEVO,3
Saskatchewan Rush,3
Tegan and Sara,3
Hopeless Records,3
Why Don't We,3
kawaiisweetworld,3
BenDeen,3
Red Bull Records,3
Maker's Box,3
Kevin Stein,3
Writers Guild of America East,3
Quad9 DNS,3
Kat Cunning,3
Like Stories of Old,3
SRAM MTB,3
FlyFastandLow,3
BBC Music,3
How It Should Have Ended,3
rollingstoneonline,3
HALO,3
Izac Less,3
Us Weekly,3
Helen Anderson,3
eba era,3
Hollyscoop,3
kimbramusic,3
"monday.com, formerly dapulse",3
ATPWorldTour,3
RealNewsNetworkMedia,3
Disneyland Experience,3
Zero Media,3
WLKY News Louisville,3
DKDKTV,3
Turbo Conquering Mega Eagle,3
SnekTek,3
BowlFullofAwesome,3
All Def Digital,3
Gregg Peterson,3
KBS World TV,3
Empire,3
CBS Philly,3
Chappell Roan,3
Chriselle Lim,3
iotexpert,3
Kingdom Hearts,3
Saved By The Max,3
9-1-1 on FOX,3
JimBrowski 96HourNews,3
Alex Aiono,3
Coachella,3
PAC ENTRETENIMENTO / DJ IVAN DAVIS,3
OneBitMusicVEVO,3
paul wheaton,3
Amarullah Rizky,3
CMAVEVO,3
Tentmaker Pictures,3
Daily Caller,3
Steeper33,3
taalk com,3
Ben Kronengold,3
Video Library,3
Campari,3
gameslice,3
Red Robot - Intelligent Distribution,3
MK Dons,3
Liam Gallagher,3
Ryan Calme,3
RackaRacka,3
UCAN Zippers USA,3
Lame Videos,3
FamilyFeud,3
Dish Nation,3
Desktop Makes,3
Lane Anderson,3
Matoma,3
John Varvatos,3
JessieJVEVO,3
DrMachakil,3
Penguin Books South Africa,3
cocheusadoooo,3
Na So We See Am,3
NASA,3
Kerry Wong,3
lugeyps3,3
Kita Osaka,3
HOTSPOTATL,3
TkyoSam,3
MovieAccessTrailers,3
NoahKahanVEVO,3
LiveOverflow,3
Kevin Rabatin,3
Ford Motor Company,3
Russell Howard,3
L2inc,3
QUARTZ,3
Donald J. Trump Topic,3
The Players' Tribune,3
Obama Foundation,3
Channel 4,3
flirppy242,3
Mustache Wax,3
Atlanta Hawks,3
blvck King,3
Adam Whitley,3
Geoff Mallinson,3
shurap,3
MITCHELL WIGGS,3
mayratouchofglam,3
Daz Games,3
Mrwhosetheboss,3
Estée Lalonde,3
Audience Network,3
TheGracieC,3
Chili Klaus,3
Represent.Us,3
daronjay,3
TheJuicyJVEVO,3
Canada Soccer,3
dekuNukem,3
Tom Thum,3
Palo Alto Online,3
BMW USA,3
smoothiethecat,3
Voltfolio,3
Single Shot,3
Vat19Nvjds,3
Clash of Clans,3
Rappler,3
Bee Ly TV,3
Lotto New Zealand,3
Masters Of The Sun,3
Amelia Liana,3
Jon Olsson,3
RESSENCE WATCHES,3
Facelesstech,3
Bethesda Softworks,3
Channon Rose Vlogs,3
RedCurtainEnt,3
Funny Commercials,3
Desimpedidos,3
Cloth Map,3
Fifty Shades,3
FailArmy,3
ThisDustIn,3
Nicki Shields,3
greeenpro,3
Paul Sellers,2
kmichelle,2
Danny Sapko,2
Penguin Books UK,2
What I've Learned,2
bigclivedotcom,2
theSkimm,2
PrincessPiaMiaVEVO,2
empireofthesunvevo,2
SumerianRecords,2
Genuine Survival Research Labs,2
Bkav Corp,2
Bloomberg,2
FacelesswithEyesOpen,2
lugnutsoldcrap,2
CrossKut316,2
Electron Dust,2
Cyberpunk 2077,2
Mark Linsangan,2
iDB,2
Doritos®,2
astroboy1960,2
GinWigmoreVEVO,2
J S,2
SBS TV동물농장x애니멀봐,2
Vostok.bike,2
Ross Kempsell,2
Invisible People,2
ElbowVEVO,2
Cleveland Browns,2
Srinath .S,2
FundingCircleUK,2
Taras Malyar,2
Rock & Roll Hall of Fame,2
monatheband,2
Dina Tokio,2
Gatorade,2
Bundesliga,2
Tim Barrett,2
MiddleKidsVEVO,2
MsAaliyahJay,2
Stefany Gonzalez,2
Haru the Shiba Inu,2
Slednecks,2
Flash Rahbbit,2
Spinach Dippa,2
Chris and Jack,2
Manifest,2
Lamborghini,2
Freemeo,2
toofacedcosmetics,2
StorrorBlog,2
LOFTON SHAW,2
In Case You Missed It,2
Burritoxman,2
Mecum Auctions,2
X Factor Italia,2
Amanda Palmer,2
MDNA SKIN,2
Hannah Witton,2
Tony Berza,2
Banana Culture Music,2
12 News,2
Radovan Lazic,2
Mercedes-Benz,2
IsraeliPM,2
Must Love Science,2
The Nocturnal Alchemist,2
pjmorton,2
Ubisoft North America,2
ekaggrat singh kalsi,2
Frog The Rooster,2
GoDucksdotcom,2
郭韋辰,2
Rob Andretti,2
Catch-Up TV,2
Domain of Science,2
Cristi Cristian,2
Viral Paws,2
Davey Swatpaz,2
2CELLOS,2
Ford Europe,2
Sieuwe Elferink,2
SaggyJ,2
Cartoon Hangover,2
negermano,2
Rachel and Jun,2
MILCK,2
neilyoungchannel,2
Avocado,2
CyclingTips,2
yovo68,2
New York Magazine,2
SupremeSounds,2
Joshua Levin,2
Late Show with David Letterman,2
OjO Commuter Scooter by OjO Electric,2
Monster Energy,2
Funny News,2
razzark666,2
NARLtv,2
DraftExpress,2
Valk Aviation,2
Duncan Sinfield,2
MrNorrisVideos,2
Itzztonytony,2
Dylan Locke,2
Taylor R,2
HiHo Kids,2
Hak5,2
AirPano,2
Peter Caine Dog Training,2
Neil Fraser,2
Confuse News,2
Andy Grammer,2
Mom Will Be Proud,2
Context Information Security,2
FRANKIEmusicVEVO,2
AlmazanKitchen,2
Crafty Panda,2
Auralnauts,2
Hybrid Network,2
The Royal Ocean Film Society,2
Barn Sanctuary,2
Polyphonic,2
Mountain Dew,2
BellatorMMA,2
cineytele,2
Daelric,2
Stratolaunch,2
Benn and Gear,2
Sarasota Police Department,2
MattMasonPhotography,2
Shaaanxo,2
Whyte Foxx Music Videos & More,2
90s Commercials,1
Mayo Clinic,1
494ta,1
Shawn,1
King Princess,1
Skelly Robot,1
Commercials Funny,1
Pop & Sports HQ,1
Dale Dai,1
RihannaNavyVevo,1
BTS Videos,1
Ozuna,1
chris lee,1
MickMake,1
BrianJustinCrum,1
CNLohr,1
The Anna Edit,1
Talks at Google,1
EntertainmentVevo,1
James Veitch,1
Chris Sturgeon,1
CIRCUITBEARD,1
Madmorda,1
Guinness World Records,1
Hot Dad,1
TrainVEVO,1
dannotv,1
Stewart Brand,1
JarJar Abrams,1
WhatsApp Wacky,1
Just Marcus,1
Birdbox Studio,1
Mike Olbinski,1
CHauserable,1
Brothers Green Eats,1
DrakeBellVEVO,1
David Steuer,1
PhilPhillipsVEVO,1
UMF TV,1
Taylor Alexander,1
Total Combat,1
Maggie Smith Kühn,1
Nahre Sol,1
revlon,1
David Seymour,1
PK Inventor,1
KSNV News 3 Las Vegas,1
Anaki Abo,1
Republican News Watch,1
Gondwana Collection Namibia,1
Lily Pebbles,1
Tu Fan,1
Trevor Moran,1
Jenny Hanell,1
Missguided,1
K Yuen,1
Chad Kroeger,1
BeyondSlowMotion,1
yeokm1,1
Check It Out,1
Caterham Cars,1
ClovesVEVO,1
Bini the Bunny,1
Science vs Cinema,1
RiceGum,1
PetaPixel,1
Frankie Vision,1
Max Joseph,1
CityNews Toronto,1
Алексей Навальный,1
KickThePj,1
The Inertia,1
So I Had This Idea...,1
SiggasNation™,1
Enter Shikari,1
Sevdaliza,1
ladygagaarraza,1
I'm With Her,1
Jamie Demeter,1
Super Netvid,1
bitluni's lab,1
MODSUN,1
onsetfacilities.com,1
EVNautilus,1
Aerie,1
SHOWTIME,1
Hin Nya,1
New Scientist,1
That Japanese Man Yuta,1
Tamar Chronicles,1
misleadingsilhouette,1
Freeform,1
Shyrynne,1
GrDrtube,1
CoinDaddy,1
Grist,1
Alicia Keys,1
shoaib246,1
poofables,1
Caters Clips,1
American Bridge 21st Century,1
Xbox,1
Whitney Port,1
Tucker Gott,1
JanPaul123,1
Owen Harvey,1
Movieclips Film Festivals & Indie Films,1
Lawrence Livermore National Laboratory,1
edlover4real,1
LetsGoWarriors,1
Dean Anderson,1
TDAmeritrade,1
Ryan,1
Thomas Sebastian,1
Humble Design,1
TSN Tube,1
PekingDukVEVO,1
Blockbuster,1
ТСН,1
Charles Chan,1
BillyCrammer,1
Storyful News,1
Wendy's,1
Steve Kovach,1
Katy Perry,1
Absolut,1
mike m,1
