"Days","Videos"
"0","28433"
"1","8786"
"2","2376"
"3","548"
"4","128"
"5","64"
"6","40"
"7","36"
"8","39"
"9","25"
"10","20"
"11","19"
"12","11"
"13","13"
"14","11"
"15","15"
"16","11"
"17","8"
"18","7"
"19","6"
"20","9"
"21","6"
"22","9"
"23","7"
"24","3"
"25","7"
"26","8"
"27","2"
"28","4"
"29","3"
"41","1"
"46","2"
"47","1"
"51","1"
"52","2"
"56","1"
"60","2"
"61","1"
"62","1"
"68","1"
"72","1"
"84","1"
"102","1"
"118","1"
"126","1"
"131","1"
"134","1"
"135","1"
"169","1"
"190","2"
"230","1"
"262","1"
"267","1"
"314","1"
"324","1"
"344","1"
"412","1"
"417","1"
"491","1"
"504","1"
"505","2"
"526","1"
"555","1"
"558","1"
"576","1"
"587","1"
"604","1"
"637","1"
"709","1"
"772","2"
"790","1"
"839","1"
"932","1"
"1018","1"
"1025","1"
"1245","1"
"1310","1"
"1335","1"
"1354","1"
"1356","1"
"1446","1"
"1487","1"
"1605","1"
"1606","1"
"1685","1"
"1707","1"
"1708","1"
"1709","1"
"1847","1"
"2308","1"
"2847","1"
"2988","1"
"3145","1"
"3189","1"
